,value,unit,serialNumber
2020-03-05 00:05:04+00:00,19,C,00158D000192D255
2020-03-05 00:20:04+00:00,19,C,00158D000192D255
2020-03-05 00:35:04+00:00,19,C,00158D000192D255
2020-03-05 00:50:04+00:00,19,C,00158D000192D255
2020-03-05 01:05:04+00:00,19,C,00158D000192D255
2020-03-05 01:20:04+00:00,19,C,00158D000192D255
2020-03-05 01:35:04+00:00,19,C,00158D000192D255
2020-03-05 01:50:04+00:00,19,C,00158D000192D255
2020-03-05 02:05:04+00:00,19,C,00158D000192D255
2020-03-05 02:20:04+00:00,19,C,00158D000192D255
2020-03-05 02:35:04+00:00,19,C,00158D000192D255
2020-03-05 02:50:04+00:00,19,C,00158D000192D255
2020-03-05 03:05:04+00:00,19,C,00158D000192D255
2020-03-05 03:20:04+00:00,19,C,00158D000192D255
2020-03-05 03:35:04+00:00,19,C,00158D000192D255
2020-03-05 03:50:04+00:00,19,C,00158D000192D255
2020-03-05 04:05:04+00:00,19,C,00158D000192D255
2020-03-05 04:20:04+00:00,19,C,00158D000192D255
2020-03-05 04:35:04+00:00,19,C,00158D000192D255
2020-03-05 04:50:04+00:00,19,C,00158D000192D255
2020-03-05 05:05:04+00:00,19,C,00158D000192D255
2020-03-05 05:20:04+00:00,19,C,00158D000192D255
2020-03-05 05:35:04+00:00,19,C,00158D000192D255
2020-03-05 05:50:04+00:00,19,C,00158D000192D255
2020-03-05 06:00:09+00:00,22,C,00158D000192D255
2020-03-05 06:05:04+00:00,22,C,00158D000192D255
2020-03-05 06:20:04+00:00,22,C,00158D000192D255
2020-03-05 06:35:04+00:00,22,C,00158D000192D255
2020-03-05 06:50:04+00:00,22,C,00158D000192D255
2020-03-05 07:05:04+00:00,22,C,00158D000192D255
2020-03-05 07:20:04+00:00,22,C,00158D000192D255
2020-03-05 07:35:04+00:00,22,C,00158D000192D255
2020-03-05 07:39:41+00:00,22,C,00158D000192D255
2020-03-05 07:41:54+00:00,22,C,00158D000192D255
2020-03-05 07:56:54+00:00,22,C,00158D000192D255
2020-03-05 08:21:13+00:00,22,C,00158D000192D255
2020-03-05 08:21:16+00:00,22,C,00158D000192D255
2020-03-05 08:36:16+00:00,22,C,00158D000192D255
2020-03-05 08:51:16+00:00,22,C,00158D000192D255
2020-03-05 09:06:16+00:00,22,C,00158D000192D255
2020-03-05 09:21:16+00:00,22,C,00158D000192D255
2020-03-05 09:36:16+00:00,22,C,00158D000192D255
2020-03-05 09:51:16+00:00,22,C,00158D000192D255
2020-03-05 10:06:16+00:00,22,C,00158D000192D255
2020-03-05 10:21:16+00:00,22,C,00158D000192D255
2020-03-05 10:36:16+00:00,22,C,00158D000192D255
2020-03-05 10:51:16+00:00,22,C,00158D000192D255
2020-03-05 11:06:16+00:00,22,C,00158D000192D255
2020-03-05 11:21:16+00:00,22,C,00158D000192D255
2020-03-05 11:36:16+00:00,22,C,00158D000192D255
2020-03-05 11:51:16+00:00,22,C,00158D000192D255
2020-03-05 12:06:16+00:00,22,C,00158D000192D255
2020-03-05 12:21:16+00:00,22,C,00158D000192D255
2020-03-05 12:36:16+00:00,22,C,00158D000192D255
2020-03-05 12:51:16+00:00,22,C,00158D000192D255
2020-03-05 13:06:16+00:00,22,C,00158D000192D255
2020-03-05 13:21:16+00:00,22,C,00158D000192D255
2020-03-05 13:36:16+00:00,22,C,00158D000192D255
2020-03-05 13:51:16+00:00,22,C,00158D000192D255
2020-03-05 14:06:16+00:00,22,C,00158D000192D255
2020-03-05 14:21:16+00:00,22,C,00158D000192D255
2020-03-05 14:36:16+00:00,22,C,00158D000192D255
2020-03-05 14:51:16+00:00,22,C,00158D000192D255
2020-03-05 15:06:16+00:00,22,C,00158D000192D255
2020-03-05 15:21:16+00:00,22,C,00158D000192D255
2020-03-05 15:36:16+00:00,22,C,00158D000192D255
2020-03-05 15:51:16+00:00,22,C,00158D000192D255
2020-03-05 16:00:02+00:00,19,C,00158D000192D255
2020-03-05 16:06:16+00:00,19,C,00158D000192D255
2020-03-05 16:21:16+00:00,19,C,00158D000192D255
2020-03-05 16:36:16+00:00,19,C,00158D000192D255
2020-03-05 16:51:16+00:00,19,C,00158D000192D255
2020-03-05 17:06:16+00:00,19,C,00158D000192D255
2020-03-05 17:21:16+00:00,19,C,00158D000192D255
2020-03-05 17:36:16+00:00,19,C,00158D000192D255
2020-03-05 17:51:16+00:00,19,C,00158D000192D255
2020-03-05 18:06:16+00:00,19,C,00158D000192D255
2020-03-05 18:21:16+00:00,19,C,00158D000192D255
2020-03-05 18:36:16+00:00,19,C,00158D000192D255
2020-03-05 18:51:16+00:00,19,C,00158D000192D255
2020-03-05 19:06:16+00:00,19,C,00158D000192D255
2020-03-05 19:21:16+00:00,19,C,00158D000192D255
2020-03-05 19:36:16+00:00,19,C,00158D000192D255
2020-03-05 19:51:16+00:00,19,C,00158D000192D255
2020-03-05 20:06:16+00:00,19,C,00158D000192D255
2020-03-05 20:21:16+00:00,19,C,00158D000192D255
2020-03-05 20:36:16+00:00,19,C,00158D000192D255
2020-03-05 20:51:16+00:00,19,C,00158D000192D255
2020-03-05 21:06:16+00:00,19,C,00158D000192D255
2020-03-05 21:21:16+00:00,19,C,00158D000192D255
2020-03-05 21:36:16+00:00,19,C,00158D000192D255
2020-03-05 21:51:16+00:00,19,C,00158D000192D255
2020-03-05 22:06:16+00:00,19,C,00158D000192D255
2020-03-05 22:21:16+00:00,19,C,00158D000192D255
2020-03-05 22:36:16+00:00,19,C,00158D000192D255
2020-03-05 22:51:16+00:00,19,C,00158D000192D255
2020-03-05 23:06:16+00:00,19,C,00158D000192D255
2020-03-05 23:21:16+00:00,19,C,00158D000192D255
2020-03-05 23:36:16+00:00,19,C,00158D000192D255
2020-03-05 23:51:16+00:00,19,C,00158D000192D255
2020-03-06 00:06:16+00:00,19,C,00158D000192D255
2020-03-06 00:21:16+00:00,19,C,00158D000192D255
2020-03-06 00:36:16+00:00,19,C,00158D000192D255
2020-03-06 00:51:16+00:00,19,C,00158D000192D255
2020-03-06 01:06:16+00:00,19,C,00158D000192D255
2020-03-06 01:21:16+00:00,19,C,00158D000192D255
2020-03-06 01:36:16+00:00,19,C,00158D000192D255
2020-03-06 01:51:16+00:00,19,C,00158D000192D255
2020-03-06 02:06:16+00:00,19,C,00158D000192D255
2020-03-06 02:21:16+00:00,19,C,00158D000192D255
2020-03-06 02:36:16+00:00,19,C,00158D000192D255
2020-03-06 02:51:16+00:00,19,C,00158D000192D255
2020-03-06 03:06:16+00:00,19,C,00158D000192D255
2020-03-06 03:21:16+00:00,19,C,00158D000192D255
2020-03-06 03:36:16+00:00,19,C,00158D000192D255
2020-03-06 03:51:16+00:00,19,C,00158D000192D255
2020-03-06 04:06:16+00:00,19,C,00158D000192D255
2020-03-06 04:21:16+00:00,19,C,00158D000192D255
2020-03-06 04:36:16+00:00,19,C,00158D000192D255
2020-03-06 04:51:16+00:00,19,C,00158D000192D255
2020-03-06 05:06:16+00:00,19,C,00158D000192D255
2020-03-06 05:21:16+00:00,19,C,00158D000192D255
2020-03-06 05:36:16+00:00,19,C,00158D000192D255
2020-03-06 05:51:16+00:00,19,C,00158D000192D255
2020-03-06 06:00:22+00:00,22,C,00158D000192D255
2020-03-06 06:06:16+00:00,22,C,00158D000192D255
2020-03-06 06:21:16+00:00,22,C,00158D000192D255
2020-03-06 06:36:16+00:00,22,C,00158D000192D255
2020-03-06 06:51:16+00:00,22,C,00158D000192D255
2020-03-06 07:06:16+00:00,22,C,00158D000192D255
2020-03-06 07:21:16+00:00,22,C,00158D000192D255
2020-03-06 07:36:16+00:00,22,C,00158D000192D255
2020-03-06 07:51:16+00:00,22,C,00158D000192D255
2020-03-06 08:06:16+00:00,22,C,00158D000192D255
2020-03-06 08:21:16+00:00,22,C,00158D000192D255
2020-03-06 08:36:16+00:00,22,C,00158D000192D255
2020-03-06 08:51:16+00:00,22,C,00158D000192D255
2020-03-06 09:06:16+00:00,22,C,00158D000192D255
2020-03-06 09:21:16+00:00,22,C,00158D000192D255
2020-03-06 09:36:16+00:00,22,C,00158D000192D255
2020-03-06 09:51:16+00:00,22,C,00158D000192D255
2020-03-06 10:06:16+00:00,22,C,00158D000192D255
2020-03-06 10:21:16+00:00,22,C,00158D000192D255
2020-03-06 10:36:16+00:00,22,C,00158D000192D255
2020-03-06 10:51:16+00:00,22,C,00158D000192D255
2020-03-06 11:06:16+00:00,22,C,00158D000192D255
2020-03-06 11:21:16+00:00,22,C,00158D000192D255
2020-03-06 11:36:16+00:00,22,C,00158D000192D255
2020-03-06 11:51:16+00:00,22,C,00158D000192D255
2020-03-06 12:06:16+00:00,22,C,00158D000192D255
2020-03-06 12:21:16+00:00,22,C,00158D000192D255
2020-03-06 12:36:16+00:00,22,C,00158D000192D255
2020-03-06 12:51:16+00:00,22,C,00158D000192D255
2020-03-06 13:06:16+00:00,22,C,00158D000192D255
2020-03-06 13:21:16+00:00,22,C,00158D000192D255
2020-03-06 13:36:16+00:00,22,C,00158D000192D255
2020-03-06 13:51:16+00:00,22,C,00158D000192D255
2020-03-06 14:06:16+00:00,22,C,00158D000192D255
2020-03-06 14:21:16+00:00,22,C,00158D000192D255
2020-03-06 14:36:16+00:00,22,C,00158D000192D255
2020-03-06 14:51:16+00:00,22,C,00158D000192D255
2020-03-06 15:06:16+00:00,22,C,00158D000192D255
2020-03-06 15:21:16+00:00,22,C,00158D000192D255
2020-03-06 15:36:16+00:00,22,C,00158D000192D255
2020-03-06 15:51:16+00:00,22,C,00158D000192D255
2020-03-06 16:00:18+00:00,19,C,00158D000192D255
2020-03-06 16:06:16+00:00,19,C,00158D000192D255
2020-03-06 16:21:16+00:00,19,C,00158D000192D255
2020-03-06 16:36:16+00:00,19,C,00158D000192D255
2020-03-06 16:51:16+00:00,19,C,00158D000192D255
2020-03-06 17:06:16+00:00,19,C,00158D000192D255
2020-03-06 17:21:16+00:00,19,C,00158D000192D255
2020-03-06 17:36:16+00:00,19,C,00158D000192D255
2020-03-06 17:51:16+00:00,19,C,00158D000192D255
2020-03-06 18:06:16+00:00,19,C,00158D000192D255
2020-03-06 18:21:16+00:00,19,C,00158D000192D255
2020-03-06 18:36:16+00:00,19,C,00158D000192D255
2020-03-06 18:51:16+00:00,19,C,00158D000192D255
2020-03-06 19:06:16+00:00,19,C,00158D000192D255
2020-03-06 19:21:16+00:00,19,C,00158D000192D255
2020-03-06 19:36:16+00:00,19,C,00158D000192D255
2020-03-06 19:51:16+00:00,19,C,00158D000192D255
2020-03-06 19:52:26+00:00,19,C,00158D000192D255
2020-03-06 20:07:26+00:00,19,C,00158D000192D255
2020-03-06 20:22:26+00:00,19,C,00158D000192D255
2020-03-06 20:37:26+00:00,19,C,00158D000192D255
2020-03-06 20:52:26+00:00,19,C,00158D000192D255
2020-03-06 21:07:26+00:00,19,C,00158D000192D255
2020-03-06 21:22:26+00:00,19,C,00158D000192D255
2020-03-06 21:37:26+00:00,19,C,00158D000192D255
2020-03-06 21:52:26+00:00,19,C,00158D000192D255
2020-03-06 22:07:26+00:00,19,C,00158D000192D255
2020-03-06 22:22:26+00:00,19,C,00158D000192D255
2020-03-06 22:37:26+00:00,19,C,00158D000192D255
2020-03-06 22:52:26+00:00,19,C,00158D000192D255
2020-03-06 23:07:26+00:00,19,C,00158D000192D255
2020-03-06 23:22:26+00:00,19,C,00158D000192D255
2020-03-06 23:37:26+00:00,19,C,00158D000192D255
2020-03-06 23:52:26+00:00,19,C,00158D000192D255
2020-03-07 00:07:26+00:00,19,C,00158D000192D255
2020-03-07 00:15:59+00:00,19,C,00158D000192D255
2020-03-07 00:30:59+00:00,19,C,00158D000192D255
2020-03-07 00:45:59+00:00,19,C,00158D000192D255
2020-03-07 01:00:59+00:00,19,C,00158D000192D255
2020-03-07 01:15:59+00:00,19,C,00158D000192D255
2020-03-07 01:30:59+00:00,19,C,00158D000192D255
2020-03-07 01:45:59+00:00,19,C,00158D000192D255
2020-03-07 02:00:59+00:00,19,C,00158D000192D255
2020-03-07 02:15:59+00:00,19,C,00158D000192D255
2020-03-07 02:30:59+00:00,19,C,00158D000192D255
2020-03-07 02:45:59+00:00,19,C,00158D000192D255
2020-03-07 03:00:59+00:00,19,C,00158D000192D255
2020-03-07 03:15:59+00:00,19,C,00158D000192D255
2020-03-07 03:30:59+00:00,19,C,00158D000192D255
2020-03-07 03:45:59+00:00,19,C,00158D000192D255
2020-03-07 04:00:59+00:00,19,C,00158D000192D255
2020-03-07 04:15:59+00:00,19,C,00158D000192D255
2020-03-07 04:30:59+00:00,19,C,00158D000192D255
2020-03-07 04:45:59+00:00,19,C,00158D000192D255
2020-03-07 05:00:59+00:00,19,C,00158D000192D255
2020-03-07 05:15:59+00:00,19,C,00158D000192D255
2020-03-07 05:30:59+00:00,19,C,00158D000192D255
2020-03-07 05:45:59+00:00,19,C,00158D000192D255
2020-03-07 06:00:59+00:00,19,C,00158D000192D255
2020-03-07 06:15:59+00:00,19,C,00158D000192D255
2020-03-07 06:30:59+00:00,19,C,00158D000192D255
2020-03-07 06:45:59+00:00,19,C,00158D000192D255
2020-03-07 07:00:59+00:00,19,C,00158D000192D255
2020-03-07 07:15:59+00:00,19,C,00158D000192D255
2020-03-07 07:30:59+00:00,19,C,00158D000192D255
2020-03-07 07:45:59+00:00,19,C,00158D000192D255
2020-03-07 08:00:59+00:00,19,C,00158D000192D255
2020-03-07 08:15:59+00:00,19,C,00158D000192D255
2020-03-07 08:30:59+00:00,19,C,00158D000192D255
2020-03-07 08:45:59+00:00,19,C,00158D000192D255
2020-03-07 09:00:59+00:00,19,C,00158D000192D255
2020-03-07 09:15:59+00:00,19,C,00158D000192D255
2020-03-07 09:30:59+00:00,19,C,00158D000192D255
2020-03-07 09:45:59+00:00,19,C,00158D000192D255
2020-03-07 10:00:59+00:00,19,C,00158D000192D255
2020-03-07 10:15:59+00:00,19,C,00158D000192D255
2020-03-07 10:30:59+00:00,19,C,00158D000192D255
2020-03-07 10:45:59+00:00,19,C,00158D000192D255
2020-03-07 11:00:59+00:00,19,C,00158D000192D255
2020-03-07 11:15:59+00:00,19,C,00158D000192D255
2020-03-07 11:30:59+00:00,19,C,00158D000192D255
2020-03-07 11:45:59+00:00,19,C,00158D000192D255
2020-03-07 12:00:59+00:00,19,C,00158D000192D255
2020-03-07 12:15:59+00:00,19,C,00158D000192D255
2020-03-07 12:30:59+00:00,19,C,00158D000192D255
2020-03-07 12:45:59+00:00,19,C,00158D000192D255
2020-03-07 13:00:59+00:00,19,C,00158D000192D255
2020-03-07 13:15:59+00:00,19,C,00158D000192D255
2020-03-07 13:30:59+00:00,19,C,00158D000192D255
2020-03-07 13:45:59+00:00,19,C,00158D000192D255
2020-03-07 14:00:59+00:00,19,C,00158D000192D255
2020-03-07 14:15:59+00:00,19,C,00158D000192D255
2020-03-07 14:30:59+00:00,19,C,00158D000192D255
2020-03-07 14:45:59+00:00,19,C,00158D000192D255
2020-03-07 15:00:59+00:00,19,C,00158D000192D255
2020-03-07 15:15:59+00:00,19,C,00158D000192D255
2020-03-07 15:30:59+00:00,19,C,00158D000192D255
2020-03-07 15:45:59+00:00,19,C,00158D000192D255
2020-03-07 16:00:59+00:00,19,C,00158D000192D255
2020-03-07 16:15:59+00:00,19,C,00158D000192D255
2020-03-07 16:31:00+00:00,19,C,00158D000192D255
2020-03-07 16:46:00+00:00,19,C,00158D000192D255
2020-03-07 17:01:00+00:00,19,C,00158D000192D255
2020-03-07 17:16:00+00:00,19,C,00158D000192D255
2020-03-07 17:31:00+00:00,19,C,00158D000192D255
2020-03-07 17:46:00+00:00,19,C,00158D000192D255
2020-03-07 18:01:00+00:00,19,C,00158D000192D255
2020-03-07 18:16:00+00:00,19,C,00158D000192D255
2020-03-07 18:31:00+00:00,19,C,00158D000192D255
2020-03-07 18:46:00+00:00,19,C,00158D000192D255
2020-03-07 19:01:00+00:00,19,C,00158D000192D255
2020-03-07 19:16:00+00:00,19,C,00158D000192D255
2020-03-07 19:31:00+00:00,19,C,00158D000192D255
2020-03-07 19:46:00+00:00,19,C,00158D000192D255
2020-03-07 20:01:00+00:00,19,C,00158D000192D255
2020-03-07 20:16:00+00:00,19,C,00158D000192D255
2020-03-07 20:31:00+00:00,19,C,00158D000192D255
2020-03-07 20:46:00+00:00,19,C,00158D000192D255
2020-03-07 21:01:00+00:00,19,C,00158D000192D255
2020-03-07 21:16:00+00:00,19,C,00158D000192D255
2020-03-07 21:31:00+00:00,19,C,00158D000192D255
2020-03-07 21:46:00+00:00,19,C,00158D000192D255
2020-03-07 22:01:00+00:00,19,C,00158D000192D255
2020-03-07 22:16:00+00:00,19,C,00158D000192D255
2020-03-07 22:31:00+00:00,19,C,00158D000192D255
2020-03-07 22:46:00+00:00,19,C,00158D000192D255
2020-03-07 23:01:00+00:00,19,C,00158D000192D255
2020-03-07 23:16:00+00:00,19,C,00158D000192D255
2020-03-07 23:31:00+00:00,19,C,00158D000192D255
2020-03-07 23:46:00+00:00,19,C,00158D000192D255
2020-03-08 00:01:00+00:00,19,C,00158D000192D255
2020-03-08 00:16:00+00:00,19,C,00158D000192D255
2020-03-08 00:31:00+00:00,19,C,00158D000192D255
2020-03-08 00:46:00+00:00,19,C,00158D000192D255
2020-03-08 01:01:00+00:00,19,C,00158D000192D255
2020-03-08 01:16:00+00:00,19,C,00158D000192D255
2020-03-08 01:31:00+00:00,19,C,00158D000192D255
2020-03-08 01:46:00+00:00,19,C,00158D000192D255
2020-03-08 02:01:00+00:00,19,C,00158D000192D255
2020-03-08 02:16:00+00:00,19,C,00158D000192D255
2020-03-08 02:31:00+00:00,19,C,00158D000192D255
2020-03-08 02:46:00+00:00,19,C,00158D000192D255
2020-03-08 03:01:00+00:00,19,C,00158D000192D255
2020-03-08 03:16:00+00:00,19,C,00158D000192D255
2020-03-08 03:31:00+00:00,19,C,00158D000192D255
2020-03-08 03:46:00+00:00,19,C,00158D000192D255
2020-03-08 04:01:00+00:00,19,C,00158D000192D255
2020-03-08 04:16:00+00:00,19,C,00158D000192D255
2020-03-08 04:31:00+00:00,19,C,00158D000192D255
2020-03-08 04:46:00+00:00,19,C,00158D000192D255
2020-03-08 05:01:00+00:00,19,C,00158D000192D255
2020-03-08 05:16:00+00:00,19,C,00158D000192D255
2020-03-08 05:31:00+00:00,19,C,00158D000192D255
2020-03-08 05:46:00+00:00,19,C,00158D000192D255
2020-03-08 06:01:00+00:00,19,C,00158D000192D255
2020-03-08 06:16:00+00:00,19,C,00158D000192D255
2020-03-08 06:31:00+00:00,19,C,00158D000192D255
2020-03-08 06:46:00+00:00,19,C,00158D000192D255
2020-03-08 07:01:00+00:00,19,C,00158D000192D255
2020-03-08 07:16:00+00:00,19,C,00158D000192D255
2020-03-08 07:31:00+00:00,19,C,00158D000192D255
2020-03-08 07:46:01+00:00,19,C,00158D000192D255
2020-03-08 08:01:01+00:00,19,C,00158D000192D255
2020-03-08 08:16:01+00:00,19,C,00158D000192D255
2020-03-08 08:31:01+00:00,19,C,00158D000192D255
2020-03-08 08:46:01+00:00,19,C,00158D000192D255
2020-03-08 09:01:01+00:00,19,C,00158D000192D255
2020-03-08 09:16:01+00:00,19,C,00158D000192D255
2020-03-08 09:31:01+00:00,19,C,00158D000192D255
2020-03-08 09:46:01+00:00,19,C,00158D000192D255
2020-03-08 10:01:01+00:00,19,C,00158D000192D255
2020-03-08 10:16:01+00:00,19,C,00158D000192D255
2020-03-08 10:31:01+00:00,19,C,00158D000192D255
2020-03-08 10:46:01+00:00,19,C,00158D000192D255
2020-03-08 11:01:01+00:00,19,C,00158D000192D255
2020-03-08 11:16:01+00:00,19,C,00158D000192D255
2020-03-08 11:31:01+00:00,19,C,00158D000192D255
2020-03-08 11:46:01+00:00,19,C,00158D000192D255
2020-03-08 12:01:01+00:00,19,C,00158D000192D255
2020-03-08 12:16:01+00:00,19,C,00158D000192D255
2020-03-08 12:31:01+00:00,19,C,00158D000192D255
2020-03-08 12:46:01+00:00,19,C,00158D000192D255
2020-03-08 13:01:01+00:00,19,C,00158D000192D255
2020-03-08 13:16:01+00:00,19,C,00158D000192D255
2020-03-08 13:31:01+00:00,19,C,00158D000192D255
2020-03-08 13:46:01+00:00,19,C,00158D000192D255
2020-03-08 14:01:01+00:00,19,C,00158D000192D255
2020-03-08 14:16:01+00:00,19,C,00158D000192D255
2020-03-08 14:31:01+00:00,19,C,00158D000192D255
2020-03-08 14:46:01+00:00,19,C,00158D000192D255
2020-03-08 15:01:01+00:00,19,C,00158D000192D255
2020-03-08 15:16:01+00:00,19,C,00158D000192D255
2020-03-08 15:31:01+00:00,19,C,00158D000192D255
2020-03-08 15:46:01+00:00,19,C,00158D000192D255
2020-03-08 16:01:01+00:00,19,C,00158D000192D255
2020-03-08 16:16:01+00:00,19,C,00158D000192D255
2020-03-08 16:31:01+00:00,19,C,00158D000192D255
2020-03-08 16:46:01+00:00,19,C,00158D000192D255
2020-03-08 17:01:01+00:00,19,C,00158D000192D255
2020-03-08 17:16:01+00:00,19,C,00158D000192D255
2020-03-08 17:31:01+00:00,19,C,00158D000192D255
2020-03-08 17:46:01+00:00,19,C,00158D000192D255
2020-03-08 18:01:01+00:00,19,C,00158D000192D255
2020-03-08 18:16:01+00:00,19,C,00158D000192D255
2020-03-08 18:31:01+00:00,19,C,00158D000192D255
2020-03-08 18:46:01+00:00,19,C,00158D000192D255
2020-03-08 19:01:01+00:00,19,C,00158D000192D255
2020-03-08 19:16:01+00:00,19,C,00158D000192D255
2020-03-08 19:31:01+00:00,19,C,00158D000192D255
2020-03-08 19:46:01+00:00,19,C,00158D000192D255
2020-03-08 20:01:01+00:00,19,C,00158D000192D255
2020-03-08 20:16:01+00:00,19,C,00158D000192D255
2020-03-08 20:31:01+00:00,19,C,00158D000192D255
2020-03-08 20:46:01+00:00,19,C,00158D000192D255
2020-03-08 21:01:01+00:00,19,C,00158D000192D255
2020-03-08 21:16:01+00:00,19,C,00158D000192D255
2020-03-08 21:31:01+00:00,19,C,00158D000192D255
2020-03-08 21:46:01+00:00,19,C,00158D000192D255
2020-03-08 22:01:01+00:00,19,C,00158D000192D255
2020-03-08 22:16:01+00:00,19,C,00158D000192D255
2020-03-08 22:31:01+00:00,19,C,00158D000192D255
2020-03-08 22:46:01+00:00,19,C,00158D000192D255
2020-03-08 23:01:01+00:00,19,C,00158D000192D255
2020-03-08 23:16:01+00:00,19,C,00158D000192D255
2020-03-08 23:31:01+00:00,19,C,00158D000192D255
2020-03-08 23:46:01+00:00,19,C,00158D000192D255
2020-03-09 00:01:01+00:00,19,C,00158D000192D255
2020-03-09 00:16:01+00:00,19,C,00158D000192D255
2020-03-09 00:31:01+00:00,19,C,00158D000192D255
2020-03-09 00:46:01+00:00,19,C,00158D000192D255
2020-03-09 01:01:01+00:00,19,C,00158D000192D255
2020-03-09 01:16:01+00:00,19,C,00158D000192D255
2020-03-09 01:31:01+00:00,19,C,00158D000192D255
2020-03-09 01:46:01+00:00,19,C,00158D000192D255
2020-03-09 02:01:01+00:00,19,C,00158D000192D255
2020-03-09 02:16:01+00:00,19,C,00158D000192D255
2020-03-09 02:31:01+00:00,19,C,00158D000192D255
2020-03-09 02:46:01+00:00,19,C,00158D000192D255
2020-03-09 03:01:01+00:00,19,C,00158D000192D255
2020-03-09 03:16:01+00:00,19,C,00158D000192D255
2020-03-09 03:31:01+00:00,19,C,00158D000192D255
2020-03-09 03:46:01+00:00,19,C,00158D000192D255
2020-03-09 04:01:01+00:00,19,C,00158D000192D255
2020-03-09 04:16:01+00:00,19,C,00158D000192D255
2020-03-09 04:31:01+00:00,19,C,00158D000192D255
2020-03-09 04:46:01+00:00,19,C,00158D000192D255
2020-03-09 05:01:01+00:00,19,C,00158D000192D255
2020-03-09 05:16:01+00:00,19,C,00158D000192D255
2020-03-09 05:31:01+00:00,19,C,00158D000192D255
2020-03-09 05:46:01+00:00,19,C,00158D000192D255
2020-03-09 06:00:10+00:00,22,C,00158D000192D255
2020-03-09 06:01:01+00:00,22,C,00158D000192D255
2020-03-09 06:16:01+00:00,22,C,00158D000192D255
2020-03-09 06:31:01+00:00,22,C,00158D000192D255
2020-03-09 06:46:01+00:00,22,C,00158D000192D255
2020-03-09 07:01:01+00:00,22,C,00158D000192D255
2020-03-09 07:16:01+00:00,22,C,00158D000192D255
2020-03-09 07:31:01+00:00,22,C,00158D000192D255
2020-03-09 07:46:01+00:00,22,C,00158D000192D255
2020-03-09 08:01:01+00:00,22,C,00158D000192D255
2020-03-09 08:16:01+00:00,22,C,00158D000192D255
2020-03-09 08:31:01+00:00,22,C,00158D000192D255
2020-03-09 08:46:01+00:00,22,C,00158D000192D255
2020-03-09 09:01:01+00:00,22,C,00158D000192D255
2020-03-09 09:16:01+00:00,22,C,00158D000192D255
2020-03-09 09:31:01+00:00,22,C,00158D000192D255
2020-03-09 09:46:01+00:00,22,C,00158D000192D255
2020-03-09 10:01:01+00:00,22,C,00158D000192D255
2020-03-09 10:16:01+00:00,22,C,00158D000192D255
2020-03-09 10:31:01+00:00,22,C,00158D000192D255
2020-03-09 10:46:01+00:00,22,C,00158D000192D255
2020-03-09 11:01:01+00:00,22,C,00158D000192D255
2020-03-09 11:16:01+00:00,22,C,00158D000192D255
2020-03-09 11:31:01+00:00,22,C,00158D000192D255
2020-03-09 11:46:01+00:00,22,C,00158D000192D255
2020-03-09 12:01:01+00:00,22,C,00158D000192D255
2020-03-09 12:16:01+00:00,22,C,00158D000192D255
2020-03-09 12:31:01+00:00,22,C,00158D000192D255
2020-03-09 12:46:01+00:00,22,C,00158D000192D255
2020-03-09 13:01:01+00:00,22,C,00158D000192D255
2020-03-09 13:16:01+00:00,22,C,00158D000192D255
2020-03-09 13:31:01+00:00,22,C,00158D000192D255
2020-03-09 13:46:01+00:00,22,C,00158D000192D255
2020-03-09 14:01:01+00:00,22,C,00158D000192D255
2020-03-09 14:16:01+00:00,22,C,00158D000192D255
2020-03-09 14:31:01+00:00,22,C,00158D000192D255
2020-03-09 14:46:01+00:00,22,C,00158D000192D255
2020-03-09 15:01:01+00:00,22,C,00158D000192D255
2020-03-09 15:16:01+00:00,22,C,00158D000192D255
2020-03-09 15:31:01+00:00,22,C,00158D000192D255
2020-03-09 15:46:01+00:00,22,C,00158D000192D255
2020-03-09 16:00:09+00:00,19,C,00158D000192D255
2020-03-09 16:20:35+00:00,19,C,00158D000192D255
2020-03-09 16:21:03+00:00,19,C,00158D000192D255
2020-03-09 16:30:48+00:00,19,C,00158D000192D255
2020-03-09 16:33:31+00:00,19,C,00158D000192D255
2020-03-09 16:34:17+00:00,19,C,00158D000192D255
2020-03-09 16:36:28+00:00,19,C,00158D000192D255
2020-03-09 16:44:45+00:00,19,C,00158D000192D255
2020-03-09 16:46:30+00:00,19,C,00158D000192D255
2020-03-09 16:47:40+00:00,19,C,00158D000192D255
2020-03-09 17:02:40+00:00,19,C,00158D000192D255
2020-03-09 17:17:40+00:00,19,C,00158D000192D255
2020-03-09 17:32:40+00:00,19,C,00158D000192D255
2020-03-09 17:47:40+00:00,19,C,00158D000192D255
2020-03-09 18:02:40+00:00,19,C,00158D000192D255
2020-03-09 18:17:40+00:00,19,C,00158D000192D255
2020-03-09 18:32:40+00:00,19,C,00158D000192D255
2020-03-09 18:47:40+00:00,19,C,00158D000192D255
2020-03-09 19:02:40+00:00,19,C,00158D000192D255
2020-03-09 19:17:40+00:00,19,C,00158D000192D255
2020-03-09 19:32:40+00:00,19,C,00158D000192D255
2020-03-09 19:47:40+00:00,19,C,00158D000192D255
2020-03-09 20:02:40+00:00,19,C,00158D000192D255
2020-03-09 20:17:40+00:00,19,C,00158D000192D255
2020-03-09 20:32:40+00:00,19,C,00158D000192D255
2020-03-09 20:47:40+00:00,19,C,00158D000192D255
2020-03-09 21:02:40+00:00,19,C,00158D000192D255
2020-03-09 21:17:40+00:00,19,C,00158D000192D255
2020-03-09 21:32:40+00:00,19,C,00158D000192D255
2020-03-09 21:47:40+00:00,19,C,00158D000192D255
2020-03-09 22:02:40+00:00,19,C,00158D000192D255
2020-03-09 22:17:40+00:00,19,C,00158D000192D255
2020-03-09 22:32:40+00:00,19,C,00158D000192D255
2020-03-09 22:47:40+00:00,19,C,00158D000192D255
2020-03-09 23:02:40+00:00,19,C,00158D000192D255
2020-03-09 23:17:40+00:00,19,C,00158D000192D255
2020-03-09 23:32:40+00:00,19,C,00158D000192D255
2020-03-09 23:47:40+00:00,19,C,00158D000192D255
2020-03-10 00:02:40+00:00,19,C,00158D000192D255
2020-03-10 00:17:40+00:00,19,C,00158D000192D255
2020-03-10 00:32:40+00:00,19,C,00158D000192D255
2020-03-10 00:47:40+00:00,19,C,00158D000192D255
2020-03-10 01:02:40+00:00,19,C,00158D000192D255
2020-03-10 01:17:40+00:00,19,C,00158D000192D255
2020-03-10 01:32:40+00:00,19,C,00158D000192D255
2020-03-10 01:47:40+00:00,19,C,00158D000192D255
2020-03-10 02:02:40+00:00,19,C,00158D000192D255
2020-03-10 02:17:40+00:00,19,C,00158D000192D255
2020-03-10 02:32:40+00:00,19,C,00158D000192D255
2020-03-10 02:47:40+00:00,19,C,00158D000192D255
2020-03-10 03:02:40+00:00,19,C,00158D000192D255
2020-03-10 03:17:40+00:00,19,C,00158D000192D255
2020-03-10 03:32:40+00:00,19,C,00158D000192D255
2020-03-10 03:47:40+00:00,19,C,00158D000192D255
2020-03-10 04:02:40+00:00,19,C,00158D000192D255
2020-03-10 04:17:40+00:00,19,C,00158D000192D255
2020-03-10 04:32:40+00:00,19,C,00158D000192D255
2020-03-10 04:47:40+00:00,19,C,00158D000192D255
2020-03-10 05:02:40+00:00,19,C,00158D000192D255
2020-03-10 05:17:40+00:00,19,C,00158D000192D255
2020-03-10 05:32:40+00:00,19,C,00158D000192D255
2020-03-10 05:47:40+00:00,19,C,00158D000192D255
2020-03-10 06:00:07+00:00,22,C,00158D000192D255
2020-03-10 06:02:40+00:00,22,C,00158D000192D255
2020-03-10 06:17:40+00:00,22,C,00158D000192D255
2020-03-10 06:32:40+00:00,22,C,00158D000192D255
2020-03-10 06:47:40+00:00,22,C,00158D000192D255
2020-03-10 07:02:40+00:00,22,C,00158D000192D255
2020-03-10 07:17:40+00:00,22,C,00158D000192D255
2020-03-10 07:32:40+00:00,22,C,00158D000192D255
2020-03-10 07:47:40+00:00,22,C,00158D000192D255
2020-03-10 08:02:40+00:00,22,C,00158D000192D255
2020-03-10 08:17:40+00:00,22,C,00158D000192D255
2020-03-10 08:32:40+00:00,22,C,00158D000192D255
2020-03-10 08:47:40+00:00,22,C,00158D000192D255
2020-03-10 09:02:41+00:00,22,C,00158D000192D255
2020-03-10 09:17:41+00:00,22,C,00158D000192D255
2020-03-10 09:32:41+00:00,22,C,00158D000192D255
2020-03-10 09:47:41+00:00,22,C,00158D000192D255
2020-03-10 10:02:41+00:00,22,C,00158D000192D255
2020-03-10 10:17:41+00:00,22,C,00158D000192D255
2020-03-10 10:32:41+00:00,22,C,00158D000192D255
2020-03-10 10:47:41+00:00,22,C,00158D000192D255
2020-03-10 11:02:41+00:00,22,C,00158D000192D255
2020-03-10 11:17:41+00:00,22,C,00158D000192D255
2020-03-10 11:32:41+00:00,22,C,00158D000192D255
2020-03-10 11:47:41+00:00,22,C,00158D000192D255
2020-03-10 12:02:41+00:00,22,C,00158D000192D255
2020-03-10 12:17:41+00:00,22,C,00158D000192D255
2020-03-10 12:32:41+00:00,22,C,00158D000192D255
2020-03-10 12:47:41+00:00,22,C,00158D000192D255
2020-03-10 13:02:41+00:00,22,C,00158D000192D255
2020-03-10 13:17:41+00:00,22,C,00158D000192D255
2020-03-10 13:32:41+00:00,22,C,00158D000192D255
2020-03-10 13:47:41+00:00,22,C,00158D000192D255
2020-03-10 14:02:41+00:00,22,C,00158D000192D255
2020-03-10 14:17:41+00:00,22,C,00158D000192D255
2020-03-10 14:32:41+00:00,22,C,00158D000192D255
2020-03-10 14:47:41+00:00,22,C,00158D000192D255
2020-03-10 15:02:41+00:00,22,C,00158D000192D255
2020-03-10 15:17:41+00:00,22,C,00158D000192D255
2020-03-10 15:32:41+00:00,22,C,00158D000192D255
2020-03-10 15:47:41+00:00,22,C,00158D000192D255
2020-03-10 16:00:13+00:00,19,C,00158D000192D255
2020-03-10 16:02:41+00:00,19,C,00158D000192D255
2020-03-10 16:17:41+00:00,19,C,00158D000192D255
2020-03-10 16:32:41+00:00,19,C,00158D000192D255
2020-03-10 16:47:41+00:00,19,C,00158D000192D255
2020-03-10 17:02:41+00:00,19,C,00158D000192D255
2020-03-10 17:17:41+00:00,19,C,00158D000192D255
2020-03-10 17:32:41+00:00,19,C,00158D000192D255
2020-03-10 17:47:41+00:00,19,C,00158D000192D255
2020-03-10 18:02:41+00:00,19,C,00158D000192D255
2020-03-10 18:17:41+00:00,19,C,00158D000192D255
2020-03-10 18:32:41+00:00,19,C,00158D000192D255
2020-03-10 18:47:41+00:00,19,C,00158D000192D255
2020-03-10 19:02:41+00:00,19,C,00158D000192D255
2020-03-10 19:17:41+00:00,19,C,00158D000192D255
2020-03-10 19:32:41+00:00,19,C,00158D000192D255
2020-03-10 19:47:41+00:00,19,C,00158D000192D255
2020-03-10 20:02:41+00:00,19,C,00158D000192D255
2020-03-10 20:17:41+00:00,19,C,00158D000192D255
2020-03-10 20:32:41+00:00,19,C,00158D000192D255
2020-03-10 20:47:41+00:00,19,C,00158D000192D255
2020-03-10 21:02:41+00:00,19,C,00158D000192D255
2020-03-10 21:17:41+00:00,19,C,00158D000192D255
2020-03-10 21:32:41+00:00,19,C,00158D000192D255
2020-03-10 21:47:41+00:00,19,C,00158D000192D255
2020-03-10 22:02:41+00:00,19,C,00158D000192D255
2020-03-10 22:17:41+00:00,19,C,00158D000192D255
2020-03-10 22:32:41+00:00,19,C,00158D000192D255
2020-03-10 22:47:41+00:00,19,C,00158D000192D255
2020-03-10 23:02:41+00:00,19,C,00158D000192D255
2020-03-10 23:17:41+00:00,19,C,00158D000192D255
2020-03-10 23:32:41+00:00,19,C,00158D000192D255
2020-03-10 23:47:41+00:00,19,C,00158D000192D255
2020-03-11 00:02:41+00:00,19,C,00158D000192D255
2020-03-11 00:17:41+00:00,19,C,00158D000192D255
2020-03-11 00:32:41+00:00,19,C,00158D000192D255
2020-03-11 00:47:41+00:00,19,C,00158D000192D255
2020-03-11 01:02:41+00:00,19,C,00158D000192D255
2020-03-11 01:17:41+00:00,19,C,00158D000192D255
2020-03-11 01:32:41+00:00,19,C,00158D000192D255
2020-03-11 01:47:41+00:00,19,C,00158D000192D255
2020-03-11 02:02:41+00:00,19,C,00158D000192D255
2020-03-11 02:17:41+00:00,19,C,00158D000192D255
2020-03-11 02:32:41+00:00,19,C,00158D000192D255
2020-03-11 02:47:41+00:00,19,C,00158D000192D255
2020-03-11 03:02:41+00:00,19,C,00158D000192D255
2020-03-11 03:17:41+00:00,19,C,00158D000192D255
2020-03-11 03:32:41+00:00,19,C,00158D000192D255
2020-03-11 03:47:41+00:00,19,C,00158D000192D255
2020-03-11 04:02:41+00:00,19,C,00158D000192D255
2020-03-11 04:17:41+00:00,19,C,00158D000192D255
2020-03-11 04:32:41+00:00,19,C,00158D000192D255
2020-03-11 04:47:41+00:00,19,C,00158D000192D255
2020-03-11 05:02:41+00:00,19,C,00158D000192D255
2020-03-11 05:17:41+00:00,19,C,00158D000192D255
2020-03-11 05:32:41+00:00,19,C,00158D000192D255
2020-03-11 05:47:41+00:00,19,C,00158D000192D255
2020-03-11 06:00:18+00:00,22,C,00158D000192D255
2020-03-11 06:02:41+00:00,22,C,00158D000192D255
2020-03-11 06:17:41+00:00,22,C,00158D000192D255
2020-03-11 06:32:41+00:00,22,C,00158D000192D255
2020-03-11 06:47:41+00:00,22,C,00158D000192D255
2020-03-11 07:02:41+00:00,22,C,00158D000192D255
2020-03-11 07:17:41+00:00,22,C,00158D000192D255
2020-03-11 07:32:41+00:00,22,C,00158D000192D255
2020-03-11 07:47:41+00:00,22,C,00158D000192D255
2020-03-11 08:02:41+00:00,22,C,00158D000192D255
2020-03-11 08:17:41+00:00,22,C,00158D000192D255
2020-03-11 08:32:41+00:00,22,C,00158D000192D255
2020-03-11 08:47:41+00:00,22,C,00158D000192D255
2020-03-11 09:02:41+00:00,22,C,00158D000192D255
2020-03-11 09:17:41+00:00,22,C,00158D000192D255
2020-03-11 09:32:41+00:00,22,C,00158D000192D255
2020-03-11 09:47:41+00:00,22,C,00158D000192D255
2020-03-11 10:02:41+00:00,22,C,00158D000192D255
2020-03-11 10:17:41+00:00,22,C,00158D000192D255
2020-03-11 10:32:41+00:00,22,C,00158D000192D255
2020-03-11 10:47:41+00:00,22,C,00158D000192D255
2020-03-11 11:02:41+00:00,22,C,00158D000192D255
2020-03-11 11:17:41+00:00,22,C,00158D000192D255
2020-03-11 11:32:41+00:00,22,C,00158D000192D255
2020-03-11 11:47:41+00:00,22,C,00158D000192D255
2020-03-11 12:02:41+00:00,22,C,00158D000192D255
2020-03-11 12:17:41+00:00,22,C,00158D000192D255
2020-03-11 12:32:41+00:00,22,C,00158D000192D255
2020-03-11 12:47:41+00:00,22,C,00158D000192D255
2020-03-11 13:02:41+00:00,22,C,00158D000192D255
2020-03-11 13:17:41+00:00,22,C,00158D000192D255
2020-03-11 13:32:41+00:00,22,C,00158D000192D255
2020-03-11 13:47:41+00:00,22,C,00158D000192D255
2020-03-11 13:59:44+00:00,22,C,00158D000192D255
2020-03-11 14:00:58+00:00,22,C,00158D000192D255
2020-03-11 14:15:58+00:00,22,C,00158D000192D255
2020-03-11 14:30:58+00:00,22,C,00158D000192D255
2020-03-11 14:45:58+00:00,22,C,00158D000192D255
2020-03-11 15:00:58+00:00,22,C,00158D000192D255
2020-03-11 15:15:58+00:00,22,C,00158D000192D255
2020-03-11 15:30:58+00:00,22,C,00158D000192D255
2020-03-11 15:45:58+00:00,22,C,00158D000192D255
2020-03-11 16:00:31+00:00,19,C,00158D000192D255
2020-03-11 16:00:58+00:00,19,C,00158D000192D255
2020-03-11 16:15:58+00:00,19,C,00158D000192D255
2020-03-11 16:30:58+00:00,19,C,00158D000192D255
2020-03-11 16:44:04+00:00,19,C,00158D000192D255
2020-03-11 16:59:04+00:00,19,C,00158D000192D255
2020-03-11 17:14:04+00:00,19,C,00158D000192D255
2020-03-11 17:29:04+00:00,19,C,00158D000192D255
2020-03-11 17:44:04+00:00,19,C,00158D000192D255
2020-03-11 17:59:04+00:00,19,C,00158D000192D255
2020-03-11 18:14:04+00:00,19,C,00158D000192D255
2020-03-11 18:29:04+00:00,19,C,00158D000192D255
2020-03-11 18:44:04+00:00,19,C,00158D000192D255
2020-03-11 18:59:04+00:00,19,C,00158D000192D255
2020-03-11 19:14:04+00:00,19,C,00158D000192D255
2020-03-11 19:29:04+00:00,19,C,00158D000192D255
2020-03-11 19:44:04+00:00,19,C,00158D000192D255
2020-03-11 19:59:04+00:00,19,C,00158D000192D255
2020-03-11 20:14:04+00:00,19,C,00158D000192D255
2020-03-11 20:29:04+00:00,19,C,00158D000192D255
2020-03-11 20:44:04+00:00,19,C,00158D000192D255
2020-03-11 20:59:04+00:00,19,C,00158D000192D255
2020-03-11 21:14:04+00:00,19,C,00158D000192D255
2020-03-11 21:29:04+00:00,19,C,00158D000192D255
2020-03-11 21:44:04+00:00,19,C,00158D000192D255
2020-03-11 21:59:04+00:00,19,C,00158D000192D255
2020-03-11 22:14:04+00:00,19,C,00158D000192D255
2020-03-11 22:29:04+00:00,19,C,00158D000192D255
2020-03-11 22:44:04+00:00,19,C,00158D000192D255
2020-03-11 22:59:04+00:00,19,C,00158D000192D255
2020-03-11 23:14:04+00:00,19,C,00158D000192D255
2020-03-11 23:29:04+00:00,19,C,00158D000192D255
2020-03-11 23:44:04+00:00,19,C,00158D000192D255
2020-03-11 23:59:04+00:00,19,C,00158D000192D255
2020-03-12 00:14:04+00:00,19,C,00158D000192D255
2020-03-12 00:29:04+00:00,19,C,00158D000192D255
2020-03-12 00:44:04+00:00,19,C,00158D000192D255
2020-03-12 00:59:04+00:00,19,C,00158D000192D255
2020-03-12 01:14:04+00:00,19,C,00158D000192D255
2020-03-12 01:29:04+00:00,19,C,00158D000192D255
2020-03-12 01:44:04+00:00,19,C,00158D000192D255
2020-03-12 01:59:04+00:00,19,C,00158D000192D255
2020-03-12 02:14:04+00:00,19,C,00158D000192D255
2020-03-12 02:29:04+00:00,19,C,00158D000192D255
2020-03-12 02:44:04+00:00,19,C,00158D000192D255
2020-03-12 02:59:04+00:00,19,C,00158D000192D255
2020-03-12 03:14:04+00:00,19,C,00158D000192D255
2020-03-12 03:29:04+00:00,19,C,00158D000192D255
2020-03-12 03:44:04+00:00,19,C,00158D000192D255
2020-03-12 03:59:04+00:00,19,C,00158D000192D255
2020-03-12 04:14:04+00:00,19,C,00158D000192D255
2020-03-12 04:29:04+00:00,19,C,00158D000192D255
2020-03-12 04:44:04+00:00,19,C,00158D000192D255
2020-03-12 04:59:04+00:00,19,C,00158D000192D255
2020-03-12 05:14:04+00:00,19,C,00158D000192D255
2020-03-12 05:29:04+00:00,19,C,00158D000192D255
2020-03-12 05:44:04+00:00,19,C,00158D000192D255
2020-03-12 05:59:04+00:00,19,C,00158D000192D255
2020-03-12 06:00:16+00:00,22,C,00158D000192D255
2020-03-12 06:14:04+00:00,22,C,00158D000192D255
2020-03-12 06:29:04+00:00,22,C,00158D000192D255
2020-03-12 06:44:04+00:00,22,C,00158D000192D255
2020-03-12 06:59:04+00:00,22,C,00158D000192D255
2020-03-12 07:14:04+00:00,22,C,00158D000192D255
2020-03-12 07:29:04+00:00,22,C,00158D000192D255
2020-03-12 07:44:04+00:00,22,C,00158D000192D255
2020-03-12 07:59:04+00:00,22,C,00158D000192D255
2020-03-12 08:10:46+00:00,22,C,00158D000192D255
2020-03-12 08:11:57+00:00,22,C,00158D000192D255
2020-03-12 08:26:57+00:00,22,C,00158D000192D255
2020-03-12 08:41:57+00:00,22,C,00158D000192D255
2020-03-12 08:56:57+00:00,22,C,00158D000192D255
2020-03-12 09:11:57+00:00,22,C,00158D000192D255
2020-03-12 09:26:57+00:00,22,C,00158D000192D255
2020-03-12 09:41:57+00:00,22,C,00158D000192D255
2020-03-12 09:56:57+00:00,22,C,00158D000192D255
2020-03-12 10:11:57+00:00,22,C,00158D000192D255
2020-03-12 10:26:57+00:00,22,C,00158D000192D255
2020-03-12 10:41:57+00:00,22,C,00158D000192D255
2020-03-12 10:56:57+00:00,22,C,00158D000192D255
2020-03-12 11:11:57+00:00,22,C,00158D000192D255
2020-03-12 11:26:57+00:00,22,C,00158D000192D255
2020-03-12 11:41:57+00:00,22,C,00158D000192D255
2020-03-12 11:56:57+00:00,22,C,00158D000192D255
2020-03-12 12:11:57+00:00,22,C,00158D000192D255
2020-03-12 12:26:57+00:00,22,C,00158D000192D255
2020-03-12 12:41:57+00:00,22,C,00158D000192D255
2020-03-12 12:56:57+00:00,22,C,00158D000192D255
2020-03-12 13:11:57+00:00,22,C,00158D000192D255
2020-03-12 13:26:57+00:00,22,C,00158D000192D255
2020-03-12 13:41:57+00:00,22,C,00158D000192D255
2020-03-12 13:56:57+00:00,22,C,00158D000192D255
2020-03-12 14:11:57+00:00,22,C,00158D000192D255
2020-03-12 14:26:57+00:00,22,C,00158D000192D255
2020-03-12 14:41:57+00:00,22,C,00158D000192D255
2020-03-12 14:56:57+00:00,22,C,00158D000192D255
2020-03-12 15:11:57+00:00,22,C,00158D000192D255
2020-03-12 15:26:57+00:00,22,C,00158D000192D255
2020-03-12 15:41:57+00:00,22,C,00158D000192D255
2020-03-12 15:56:57+00:00,22,C,00158D000192D255
2020-03-12 16:00:15+00:00,19,C,00158D000192D255
2020-03-12 16:11:57+00:00,19,C,00158D000192D255
2020-03-12 16:26:57+00:00,19,C,00158D000192D255
2020-03-12 16:41:57+00:00,19,C,00158D000192D255
2020-03-12 16:56:57+00:00,19,C,00158D000192D255
2020-03-12 17:11:57+00:00,19,C,00158D000192D255
2020-03-12 17:26:57+00:00,19,C,00158D000192D255
2020-03-12 17:41:57+00:00,19,C,00158D000192D255
2020-03-12 17:56:57+00:00,19,C,00158D000192D255
2020-03-12 18:11:57+00:00,19,C,00158D000192D255
2020-03-12 18:26:57+00:00,19,C,00158D000192D255
2020-03-12 18:41:57+00:00,19,C,00158D000192D255
2020-03-12 18:56:57+00:00,19,C,00158D000192D255
2020-03-12 19:11:57+00:00,19,C,00158D000192D255
2020-03-12 19:26:57+00:00,19,C,00158D000192D255
2020-03-12 19:41:57+00:00,19,C,00158D000192D255
2020-03-12 19:56:57+00:00,19,C,00158D000192D255
2020-03-12 20:11:57+00:00,19,C,00158D000192D255
2020-03-12 20:26:57+00:00,19,C,00158D000192D255
2020-03-12 20:41:57+00:00,19,C,00158D000192D255
2020-03-12 20:56:57+00:00,19,C,00158D000192D255
2020-03-12 21:11:57+00:00,19,C,00158D000192D255
2020-03-12 21:26:57+00:00,19,C,00158D000192D255
2020-03-12 21:41:57+00:00,19,C,00158D000192D255
2020-03-12 21:56:57+00:00,19,C,00158D000192D255
2020-03-12 22:11:57+00:00,19,C,00158D000192D255
2020-03-12 22:26:58+00:00,19,C,00158D000192D255
2020-03-12 22:41:58+00:00,19,C,00158D000192D255
2020-03-12 22:56:58+00:00,19,C,00158D000192D255
2020-03-12 23:11:58+00:00,19,C,00158D000192D255
2020-03-12 23:26:58+00:00,19,C,00158D000192D255
2020-03-12 23:41:58+00:00,19,C,00158D000192D255
2020-03-12 23:56:58+00:00,19,C,00158D000192D255
2020-03-13 00:11:58+00:00,19,C,00158D000192D255
2020-03-13 00:26:58+00:00,19,C,00158D000192D255
2020-03-13 00:41:58+00:00,19,C,00158D000192D255
2020-03-13 00:56:58+00:00,19,C,00158D000192D255
2020-03-13 01:11:58+00:00,19,C,00158D000192D255
2020-03-13 01:26:58+00:00,19,C,00158D000192D255
2020-03-13 01:41:58+00:00,19,C,00158D000192D255
2020-03-13 01:56:58+00:00,19,C,00158D000192D255
2020-03-13 02:11:58+00:00,19,C,00158D000192D255
2020-03-13 02:26:58+00:00,19,C,00158D000192D255
2020-03-13 02:41:58+00:00,19,C,00158D000192D255
2020-03-13 02:56:58+00:00,19,C,00158D000192D255
2020-03-13 03:11:58+00:00,19,C,00158D000192D255
2020-03-13 03:26:58+00:00,19,C,00158D000192D255
2020-03-13 03:41:58+00:00,19,C,00158D000192D255
2020-03-13 03:56:58+00:00,19,C,00158D000192D255
2020-03-13 04:11:58+00:00,19,C,00158D000192D255
2020-03-13 04:26:58+00:00,19,C,00158D000192D255
2020-03-13 04:41:58+00:00,19,C,00158D000192D255
2020-03-13 04:56:58+00:00,19,C,00158D000192D255
2020-03-13 05:11:58+00:00,19,C,00158D000192D255
2020-03-13 05:26:58+00:00,19,C,00158D000192D255
2020-03-13 05:41:58+00:00,19,C,00158D000192D255
2020-03-13 05:56:58+00:00,19,C,00158D000192D255
2020-03-13 06:00:09+00:00,22,C,00158D000192D255
2020-03-13 06:11:58+00:00,22,C,00158D000192D255
2020-03-13 06:26:58+00:00,22,C,00158D000192D255
2020-03-13 06:41:58+00:00,22,C,00158D000192D255
2020-03-13 06:56:58+00:00,22,C,00158D000192D255
2020-03-13 07:11:58+00:00,22,C,00158D000192D255
2020-03-13 07:26:58+00:00,22,C,00158D000192D255
2020-03-13 07:41:58+00:00,22,C,00158D000192D255
2020-03-13 07:44:23+00:00,22,C,00158D000192D255
2020-03-13 07:59:23+00:00,22,C,00158D000192D255
2020-03-13 08:14:23+00:00,22,C,00158D000192D255
2020-03-13 08:29:23+00:00,22,C,00158D000192D255
2020-03-13 08:44:23+00:00,22,C,00158D000192D255
2020-03-13 08:59:23+00:00,22,C,00158D000192D255
2020-03-13 09:14:23+00:00,22,C,00158D000192D255
2020-03-13 09:29:23+00:00,22,C,00158D000192D255
2020-03-13 09:44:23+00:00,22,C,00158D000192D255
2020-03-13 09:59:23+00:00,22,C,00158D000192D255
2020-03-13 10:14:23+00:00,22,C,00158D000192D255
2020-03-13 10:29:23+00:00,22,C,00158D000192D255
2020-03-13 10:44:24+00:00,22,C,00158D000192D255
2020-03-13 10:59:24+00:00,22,C,00158D000192D255
2020-03-13 11:01:11+00:00,22,C,00158D000192D255
2020-03-13 11:16:11+00:00,22,C,00158D000192D255
2020-03-13 11:31:11+00:00,22,C,00158D000192D255
2020-03-13 11:46:11+00:00,22,C,00158D000192D255
2020-03-13 12:01:11+00:00,22,C,00158D000192D255
2020-03-13 12:16:11+00:00,22,C,00158D000192D255
2020-03-13 12:31:11+00:00,22,C,00158D000192D255
2020-03-13 12:32:54+00:00,22,C,00158D000192D255
2020-03-13 12:47:54+00:00,22,C,00158D000192D255
2020-03-13 12:50:41+00:00,22,C,00158D000192D255
2020-03-13 13:05:41+00:00,22,C,00158D000192D255
2020-03-13 13:20:41+00:00,22,C,00158D000192D255
2020-03-13 13:35:41+00:00,22,C,00158D000192D255
2020-03-13 13:50:41+00:00,22,C,00158D000192D255
2020-03-13 14:05:41+00:00,22,C,00158D000192D255
2020-03-13 14:20:41+00:00,22,C,00158D000192D255
2020-03-13 14:35:41+00:00,22,C,00158D000192D255
2020-03-13 14:50:41+00:00,22,C,00158D000192D255
2020-03-13 15:05:41+00:00,22,C,00158D000192D255
2020-03-13 15:20:41+00:00,22,C,00158D000192D255
2020-03-13 15:35:41+00:00,22,C,00158D000192D255
2020-03-13 15:50:41+00:00,22,C,00158D000192D255
2020-03-13 16:00:48+00:00,19,C,00158D000192D255
2020-03-13 16:21:09+00:00,19,C,00158D000192D255
2020-03-13 16:21:22+00:00,19,C,00158D000192D255
2020-03-13 16:36:22+00:00,19,C,00158D000192D255
2020-03-13 16:51:22+00:00,19,C,00158D000192D255
2020-03-13 17:06:22+00:00,19,C,00158D000192D255
2020-03-13 17:21:22+00:00,19,C,00158D000192D255
2020-03-13 17:36:22+00:00,19,C,00158D000192D255
2020-03-13 17:51:22+00:00,19,C,00158D000192D255
2020-03-13 18:06:22+00:00,19,C,00158D000192D255
2020-03-13 18:21:22+00:00,19,C,00158D000192D255
2020-03-13 18:36:22+00:00,19,C,00158D000192D255
2020-03-13 18:51:22+00:00,19,C,00158D000192D255
2020-03-13 19:06:22+00:00,19,C,00158D000192D255
2020-03-13 19:21:22+00:00,19,C,00158D000192D255
2020-03-13 19:36:22+00:00,19,C,00158D000192D255
2020-03-13 19:51:22+00:00,19,C,00158D000192D255
2020-03-13 20:06:22+00:00,19,C,00158D000192D255
2020-03-13 20:21:22+00:00,19,C,00158D000192D255
2020-03-13 20:36:22+00:00,19,C,00158D000192D255
2020-03-13 20:51:22+00:00,19,C,00158D000192D255
2020-03-13 21:06:22+00:00,19,C,00158D000192D255
2020-03-13 21:21:22+00:00,19,C,00158D000192D255
2020-03-13 21:36:22+00:00,19,C,00158D000192D255
2020-03-13 21:51:22+00:00,19,C,00158D000192D255
2020-03-13 22:06:22+00:00,19,C,00158D000192D255
2020-03-13 22:21:22+00:00,19,C,00158D000192D255
2020-03-13 22:36:22+00:00,19,C,00158D000192D255
2020-03-13 22:51:22+00:00,19,C,00158D000192D255
2020-03-13 23:06:22+00:00,19,C,00158D000192D255
2020-03-13 23:21:22+00:00,19,C,00158D000192D255
2020-03-13 23:36:22+00:00,19,C,00158D000192D255
2020-03-13 23:51:22+00:00,19,C,00158D000192D255
2020-03-14 00:06:22+00:00,19,C,00158D000192D255
2020-03-14 00:21:22+00:00,19,C,00158D000192D255
2020-03-14 00:36:22+00:00,19,C,00158D000192D255
2020-03-14 00:51:22+00:00,19,C,00158D000192D255
2020-03-14 01:06:22+00:00,19,C,00158D000192D255
2020-03-14 01:21:22+00:00,19,C,00158D000192D255
2020-03-14 01:36:22+00:00,19,C,00158D000192D255
2020-03-14 01:51:22+00:00,19,C,00158D000192D255
2020-03-14 02:06:22+00:00,19,C,00158D000192D255
2020-03-14 02:21:22+00:00,19,C,00158D000192D255
2020-03-14 02:36:22+00:00,19,C,00158D000192D255
2020-03-14 02:51:22+00:00,19,C,00158D000192D255
2020-03-14 03:06:22+00:00,19,C,00158D000192D255
2020-03-14 03:21:22+00:00,19,C,00158D000192D255
2020-03-14 03:36:22+00:00,19,C,00158D000192D255
2020-03-14 03:51:22+00:00,19,C,00158D000192D255
2020-03-14 04:06:22+00:00,19,C,00158D000192D255
2020-03-14 04:21:22+00:00,19,C,00158D000192D255
2020-03-14 04:36:22+00:00,19,C,00158D000192D255
2020-03-14 04:51:22+00:00,19,C,00158D000192D255
2020-03-14 05:06:22+00:00,19,C,00158D000192D255
2020-03-14 05:21:22+00:00,19,C,00158D000192D255
2020-03-14 05:36:22+00:00,19,C,00158D000192D255
2020-03-14 05:51:22+00:00,19,C,00158D000192D255
2020-03-14 06:06:22+00:00,19,C,00158D000192D255
2020-03-14 06:21:22+00:00,19,C,00158D000192D255
2020-03-14 06:36:22+00:00,19,C,00158D000192D255
2020-03-14 06:51:22+00:00,19,C,00158D000192D255
2020-03-14 07:06:22+00:00,19,C,00158D000192D255
2020-03-14 07:21:22+00:00,19,C,00158D000192D255
2020-03-14 07:36:22+00:00,19,C,00158D000192D255
2020-03-14 07:51:22+00:00,19,C,00158D000192D255
2020-03-14 08:06:22+00:00,19,C,00158D000192D255
2020-03-14 08:21:22+00:00,19,C,00158D000192D255
2020-03-14 08:36:22+00:00,19,C,00158D000192D255
2020-03-14 08:51:22+00:00,19,C,00158D000192D255
2020-03-14 09:06:22+00:00,19,C,00158D000192D255
2020-03-14 09:21:22+00:00,19,C,00158D000192D255
2020-03-14 09:36:22+00:00,19,C,00158D000192D255
2020-03-14 09:51:22+00:00,19,C,00158D000192D255
2020-03-14 10:06:22+00:00,19,C,00158D000192D255
2020-03-14 10:21:22+00:00,19,C,00158D000192D255
2020-03-14 10:36:22+00:00,19,C,00158D000192D255
2020-03-14 10:51:22+00:00,19,C,00158D000192D255
2020-03-14 11:06:22+00:00,19,C,00158D000192D255
2020-03-14 11:21:22+00:00,19,C,00158D000192D255
2020-03-14 11:36:22+00:00,19,C,00158D000192D255
2020-03-14 11:51:22+00:00,19,C,00158D000192D255
2020-03-14 12:06:22+00:00,19,C,00158D000192D255
2020-03-14 12:21:22+00:00,19,C,00158D000192D255
2020-03-14 12:36:22+00:00,19,C,00158D000192D255
2020-03-14 12:51:22+00:00,19,C,00158D000192D255
2020-03-14 13:06:22+00:00,19,C,00158D000192D255
2020-03-14 13:21:22+00:00,19,C,00158D000192D255
2020-03-14 13:36:22+00:00,19,C,00158D000192D255
2020-03-14 13:51:22+00:00,19,C,00158D000192D255
2020-03-14 14:06:22+00:00,19,C,00158D000192D255
2020-03-14 14:21:22+00:00,19,C,00158D000192D255
2020-03-14 14:36:22+00:00,19,C,00158D000192D255
2020-03-14 14:51:22+00:00,19,C,00158D000192D255
2020-03-14 15:06:22+00:00,19,C,00158D000192D255
2020-03-14 15:21:22+00:00,19,C,00158D000192D255
2020-03-14 15:36:22+00:00,19,C,00158D000192D255
2020-03-14 15:51:22+00:00,19,C,00158D000192D255
2020-03-14 16:06:22+00:00,19,C,00158D000192D255
2020-03-14 16:21:22+00:00,19,C,00158D000192D255
2020-03-14 16:36:22+00:00,19,C,00158D000192D255
2020-03-14 16:51:22+00:00,19,C,00158D000192D255
2020-03-14 17:06:22+00:00,19,C,00158D000192D255
2020-03-14 17:21:22+00:00,19,C,00158D000192D255
2020-03-14 17:36:22+00:00,19,C,00158D000192D255
2020-03-14 17:51:22+00:00,19,C,00158D000192D255
2020-03-14 18:06:22+00:00,19,C,00158D000192D255
2020-03-14 18:21:22+00:00,19,C,00158D000192D255
2020-03-14 18:36:22+00:00,19,C,00158D000192D255
2020-03-14 18:51:22+00:00,19,C,00158D000192D255
2020-03-14 19:06:22+00:00,19,C,00158D000192D255
2020-03-14 19:21:22+00:00,19,C,00158D000192D255
2020-03-14 19:36:22+00:00,19,C,00158D000192D255
2020-03-14 19:51:22+00:00,19,C,00158D000192D255
2020-03-14 20:06:22+00:00,19,C,00158D000192D255
2020-03-14 20:21:22+00:00,19,C,00158D000192D255
2020-03-14 20:36:22+00:00,19,C,00158D000192D255
2020-03-14 20:51:22+00:00,19,C,00158D000192D255
2020-03-14 21:06:22+00:00,19,C,00158D000192D255
2020-03-14 21:21:22+00:00,19,C,00158D000192D255
2020-03-14 21:36:22+00:00,19,C,00158D000192D255
2020-03-14 21:51:22+00:00,19,C,00158D000192D255
2020-03-14 22:06:22+00:00,19,C,00158D000192D255
2020-03-14 22:21:22+00:00,19,C,00158D000192D255
2020-03-14 22:36:22+00:00,19,C,00158D000192D255
2020-03-14 22:51:22+00:00,19,C,00158D000192D255
2020-03-14 23:06:22+00:00,19,C,00158D000192D255
2020-03-14 23:21:22+00:00,19,C,00158D000192D255
2020-03-14 23:36:22+00:00,19,C,00158D000192D255
2020-03-14 23:51:22+00:00,19,C,00158D000192D255
2020-03-15 00:06:22+00:00,19,C,00158D000192D255
2020-03-15 00:21:22+00:00,19,C,00158D000192D255
2020-03-15 00:36:22+00:00,19,C,00158D000192D255
2020-03-15 00:51:22+00:00,19,C,00158D000192D255
2020-03-15 01:06:22+00:00,19,C,00158D000192D255
2020-03-15 01:21:22+00:00,19,C,00158D000192D255
2020-03-15 01:36:22+00:00,19,C,00158D000192D255
2020-03-15 01:51:22+00:00,19,C,00158D000192D255
2020-03-15 02:06:22+00:00,19,C,00158D000192D255
2020-03-15 02:21:22+00:00,19,C,00158D000192D255
2020-03-15 02:36:22+00:00,19,C,00158D000192D255
2020-03-15 02:51:22+00:00,19,C,00158D000192D255
2020-03-15 03:06:22+00:00,19,C,00158D000192D255
2020-03-15 03:21:22+00:00,19,C,00158D000192D255
2020-03-15 03:36:22+00:00,19,C,00158D000192D255
2020-03-15 03:51:22+00:00,19,C,00158D000192D255
2020-03-15 04:06:22+00:00,19,C,00158D000192D255
2020-03-15 04:21:22+00:00,19,C,00158D000192D255
2020-03-15 04:36:22+00:00,19,C,00158D000192D255
2020-03-15 04:51:22+00:00,19,C,00158D000192D255
2020-03-15 05:06:22+00:00,19,C,00158D000192D255
2020-03-15 05:21:22+00:00,19,C,00158D000192D255
2020-03-15 05:36:22+00:00,19,C,00158D000192D255
2020-03-15 05:51:22+00:00,19,C,00158D000192D255
2020-03-15 06:06:22+00:00,19,C,00158D000192D255
2020-03-15 06:21:22+00:00,19,C,00158D000192D255
2020-03-15 06:36:22+00:00,19,C,00158D000192D255
2020-03-15 06:51:22+00:00,19,C,00158D000192D255
2020-03-15 07:06:22+00:00,19,C,00158D000192D255
2020-03-15 07:21:22+00:00,19,C,00158D000192D255
2020-03-15 07:36:22+00:00,19,C,00158D000192D255
2020-03-15 07:51:22+00:00,19,C,00158D000192D255
2020-03-15 08:06:22+00:00,19,C,00158D000192D255
2020-03-15 08:21:22+00:00,19,C,00158D000192D255
2020-03-15 08:36:22+00:00,19,C,00158D000192D255
2020-03-15 08:51:22+00:00,19,C,00158D000192D255
2020-03-15 09:06:22+00:00,19,C,00158D000192D255
2020-03-15 09:21:22+00:00,19,C,00158D000192D255
2020-03-15 09:36:22+00:00,19,C,00158D000192D255
2020-03-15 09:51:22+00:00,19,C,00158D000192D255
2020-03-15 10:06:22+00:00,19,C,00158D000192D255
2020-03-15 10:21:22+00:00,19,C,00158D000192D255
2020-03-15 10:36:22+00:00,19,C,00158D000192D255
2020-03-15 10:51:22+00:00,19,C,00158D000192D255
2020-03-15 11:06:22+00:00,19,C,00158D000192D255
2020-03-15 11:21:22+00:00,19,C,00158D000192D255
2020-03-15 11:36:22+00:00,19,C,00158D000192D255
2020-03-15 11:51:22+00:00,19,C,00158D000192D255
2020-03-15 12:06:22+00:00,19,C,00158D000192D255
2020-03-15 12:21:22+00:00,19,C,00158D000192D255
2020-03-15 12:36:22+00:00,19,C,00158D000192D255
2020-03-15 12:51:22+00:00,19,C,00158D000192D255
2020-03-15 13:06:22+00:00,19,C,00158D000192D255
2020-03-15 13:21:22+00:00,19,C,00158D000192D255
2020-03-15 13:36:22+00:00,19,C,00158D000192D255
2020-03-15 13:51:22+00:00,19,C,00158D000192D255
2020-03-15 14:06:22+00:00,19,C,00158D000192D255
2020-03-15 14:21:22+00:00,19,C,00158D000192D255
2020-03-15 14:36:22+00:00,19,C,00158D000192D255
2020-03-15 14:51:22+00:00,19,C,00158D000192D255
2020-03-15 15:06:22+00:00,19,C,00158D000192D255
2020-03-15 15:21:22+00:00,19,C,00158D000192D255
2020-03-15 15:36:22+00:00,19,C,00158D000192D255
2020-03-15 15:51:23+00:00,19,C,00158D000192D255
2020-03-15 16:06:23+00:00,19,C,00158D000192D255
2020-03-15 16:21:23+00:00,19,C,00158D000192D255
2020-03-15 16:36:23+00:00,19,C,00158D000192D255
2020-03-15 16:51:23+00:00,19,C,00158D000192D255
2020-03-15 17:06:23+00:00,19,C,00158D000192D255
2020-03-15 17:21:23+00:00,19,C,00158D000192D255
2020-03-15 17:36:23+00:00,19,C,00158D000192D255
2020-03-15 17:51:23+00:00,19,C,00158D000192D255
2020-03-15 18:06:23+00:00,19,C,00158D000192D255
2020-03-15 18:21:23+00:00,19,C,00158D000192D255
2020-03-15 18:36:23+00:00,19,C,00158D000192D255
2020-03-15 18:51:23+00:00,19,C,00158D000192D255
2020-03-15 19:06:23+00:00,19,C,00158D000192D255
2020-03-15 19:21:23+00:00,19,C,00158D000192D255
2020-03-15 19:36:23+00:00,19,C,00158D000192D255
2020-03-15 19:51:23+00:00,19,C,00158D000192D255
2020-03-15 20:06:23+00:00,19,C,00158D000192D255
2020-03-15 20:21:23+00:00,19,C,00158D000192D255
2020-03-15 20:36:23+00:00,19,C,00158D000192D255
2020-03-15 20:51:23+00:00,19,C,00158D000192D255
2020-03-15 21:06:23+00:00,19,C,00158D000192D255
2020-03-15 21:21:23+00:00,19,C,00158D000192D255
2020-03-15 21:36:23+00:00,19,C,00158D000192D255
2020-03-15 21:51:23+00:00,19,C,00158D000192D255
2020-03-15 22:06:23+00:00,19,C,00158D000192D255
2020-03-15 22:21:23+00:00,19,C,00158D000192D255
2020-03-15 22:36:23+00:00,19,C,00158D000192D255
2020-03-15 22:51:23+00:00,19,C,00158D000192D255
2020-03-15 23:06:23+00:00,19,C,00158D000192D255
2020-03-15 23:21:23+00:00,19,C,00158D000192D255
2020-03-15 23:36:23+00:00,19,C,00158D000192D255
2020-03-15 23:51:23+00:00,19,C,00158D000192D255
2020-03-16 00:06:23+00:00,19,C,00158D000192D255
2020-03-16 00:21:23+00:00,19,C,00158D000192D255
2020-03-16 00:36:23+00:00,19,C,00158D000192D255
2020-03-16 00:51:23+00:00,19,C,00158D000192D255
2020-03-16 01:06:23+00:00,19,C,00158D000192D255
2020-03-16 01:21:23+00:00,19,C,00158D000192D255
2020-03-16 01:36:23+00:00,19,C,00158D000192D255
2020-03-16 01:51:23+00:00,19,C,00158D000192D255
2020-03-16 02:06:23+00:00,19,C,00158D000192D255
2020-03-16 02:21:23+00:00,19,C,00158D000192D255
2020-03-16 02:36:23+00:00,19,C,00158D000192D255
2020-03-16 02:51:23+00:00,19,C,00158D000192D255
2020-03-16 03:06:23+00:00,19,C,00158D000192D255
2020-03-16 03:21:23+00:00,19,C,00158D000192D255
2020-03-16 03:36:23+00:00,19,C,00158D000192D255
2020-03-16 03:51:23+00:00,19,C,00158D000192D255
2020-03-16 04:06:23+00:00,19,C,00158D000192D255
2020-03-16 04:21:23+00:00,19,C,00158D000192D255
2020-03-16 04:36:23+00:00,19,C,00158D000192D255
2020-03-16 04:51:23+00:00,19,C,00158D000192D255
2020-03-16 05:06:23+00:00,19,C,00158D000192D255
2020-03-16 05:21:23+00:00,19,C,00158D000192D255
2020-03-16 05:36:23+00:00,19,C,00158D000192D255
2020-03-16 05:51:23+00:00,19,C,00158D000192D255
2020-03-16 06:00:16+00:00,22,C,00158D000192D255
2020-03-16 06:06:23+00:00,22,C,00158D000192D255
2020-03-16 06:21:23+00:00,22,C,00158D000192D255
2020-03-16 06:36:23+00:00,22,C,00158D000192D255
2020-03-16 06:51:23+00:00,22,C,00158D000192D255
2020-03-16 07:06:23+00:00,22,C,00158D000192D255
2020-03-16 07:21:23+00:00,22,C,00158D000192D255
2020-03-16 07:36:23+00:00,22,C,00158D000192D255
2020-03-16 07:51:23+00:00,22,C,00158D000192D255
2020-03-16 08:06:23+00:00,22,C,00158D000192D255
2020-03-16 08:21:23+00:00,22,C,00158D000192D255
2020-03-16 08:36:23+00:00,22,C,00158D000192D255
2020-03-16 08:51:23+00:00,22,C,00158D000192D255
2020-03-16 09:06:23+00:00,22,C,00158D000192D255
2020-03-16 09:21:23+00:00,22,C,00158D000192D255
2020-03-16 09:36:23+00:00,22,C,00158D000192D255
2020-03-16 09:51:23+00:00,22,C,00158D000192D255
2020-03-16 10:06:23+00:00,22,C,00158D000192D255
2020-03-16 10:21:23+00:00,22,C,00158D000192D255
2020-03-16 10:36:23+00:00,22,C,00158D000192D255
2020-03-16 10:51:23+00:00,22,C,00158D000192D255
2020-03-16 11:06:23+00:00,22,C,00158D000192D255
2020-03-16 11:21:23+00:00,22,C,00158D000192D255
2020-03-16 11:36:23+00:00,22,C,00158D000192D255
2020-03-16 11:51:23+00:00,22,C,00158D000192D255
2020-03-16 12:06:23+00:00,22,C,00158D000192D255
2020-03-16 12:21:23+00:00,22,C,00158D000192D255
2020-03-16 12:36:23+00:00,22,C,00158D000192D255
2020-03-16 12:51:23+00:00,22,C,00158D000192D255
2020-03-16 13:06:23+00:00,22,C,00158D000192D255
2020-03-16 13:21:23+00:00,22,C,00158D000192D255
2020-03-16 13:36:23+00:00,22,C,00158D000192D255
2020-03-16 13:51:23+00:00,22,C,00158D000192D255
2020-03-16 14:06:23+00:00,22,C,00158D000192D255
2020-03-16 14:21:23+00:00,22,C,00158D000192D255
2020-03-16 14:36:23+00:00,22,C,00158D000192D255
2020-03-16 14:51:23+00:00,22,C,00158D000192D255
2020-03-16 15:06:23+00:00,22,C,00158D000192D255
2020-03-16 15:21:23+00:00,22,C,00158D000192D255
2020-03-16 15:36:23+00:00,22,C,00158D000192D255
2020-03-16 15:51:23+00:00,22,C,00158D000192D255
2020-03-16 16:00:06+00:00,19,C,00158D000192D255
2020-03-16 16:06:23+00:00,19,C,00158D000192D255
2020-03-16 16:21:23+00:00,19,C,00158D000192D255
2020-03-16 16:36:23+00:00,19,C,00158D000192D255
2020-03-16 16:51:23+00:00,19,C,00158D000192D255
2020-03-16 17:06:23+00:00,19,C,00158D000192D255
2020-03-16 17:21:23+00:00,19,C,00158D000192D255
2020-03-16 17:36:23+00:00,19,C,00158D000192D255
2020-03-16 17:51:23+00:00,19,C,00158D000192D255
2020-03-16 18:06:23+00:00,19,C,00158D000192D255
2020-03-16 18:21:23+00:00,19,C,00158D000192D255
2020-03-16 18:36:23+00:00,19,C,00158D000192D255
2020-03-16 18:51:23+00:00,19,C,00158D000192D255
2020-03-16 19:06:23+00:00,19,C,00158D000192D255
2020-03-16 19:21:23+00:00,19,C,00158D000192D255
2020-03-16 19:36:23+00:00,19,C,00158D000192D255
2020-03-16 19:51:23+00:00,19,C,00158D000192D255
2020-03-16 20:06:23+00:00,19,C,00158D000192D255
2020-03-16 20:21:23+00:00,19,C,00158D000192D255
2020-03-16 20:36:23+00:00,19,C,00158D000192D255
2020-03-16 20:51:23+00:00,19,C,00158D000192D255
2020-03-16 21:06:23+00:00,19,C,00158D000192D255
2020-03-16 21:21:23+00:00,19,C,00158D000192D255
2020-03-16 21:36:23+00:00,19,C,00158D000192D255
2020-03-16 21:51:23+00:00,19,C,00158D000192D255
2020-03-16 22:06:23+00:00,19,C,00158D000192D255
2020-03-16 22:21:23+00:00,19,C,00158D000192D255
2020-03-16 22:36:23+00:00,19,C,00158D000192D255
2020-03-16 22:51:23+00:00,19,C,00158D000192D255
2020-03-16 23:06:23+00:00,19,C,00158D000192D255
2020-03-16 23:21:23+00:00,19,C,00158D000192D255
2020-03-16 23:36:23+00:00,19,C,00158D000192D255
2020-03-16 23:51:23+00:00,19,C,00158D000192D255
2020-03-17 00:06:23+00:00,19,C,00158D000192D255
2020-03-17 00:21:23+00:00,19,C,00158D000192D255
2020-03-17 00:36:23+00:00,19,C,00158D000192D255
2020-03-17 00:51:23+00:00,19,C,00158D000192D255
2020-03-17 01:06:23+00:00,19,C,00158D000192D255
2020-03-17 01:21:23+00:00,19,C,00158D000192D255
2020-03-17 01:36:23+00:00,19,C,00158D000192D255
2020-03-17 01:51:23+00:00,19,C,00158D000192D255
2020-03-17 02:06:23+00:00,19,C,00158D000192D255
2020-03-17 02:21:23+00:00,19,C,00158D000192D255
2020-03-17 02:36:23+00:00,19,C,00158D000192D255
2020-03-17 02:51:23+00:00,19,C,00158D000192D255
2020-03-17 03:06:23+00:00,19,C,00158D000192D255
2020-03-17 03:21:23+00:00,19,C,00158D000192D255
2020-03-17 03:36:23+00:00,19,C,00158D000192D255
2020-03-17 03:51:23+00:00,19,C,00158D000192D255
2020-03-17 04:06:23+00:00,19,C,00158D000192D255
2020-03-17 04:21:23+00:00,19,C,00158D000192D255
2020-03-17 04:36:23+00:00,19,C,00158D000192D255
2020-03-17 04:51:23+00:00,19,C,00158D000192D255
2020-03-17 05:06:23+00:00,19,C,00158D000192D255
2020-03-17 05:21:23+00:00,19,C,00158D000192D255
2020-03-17 05:36:23+00:00,19,C,00158D000192D255
2020-03-17 05:51:23+00:00,19,C,00158D000192D255
2020-03-17 06:00:12+00:00,22,C,00158D000192D255
2020-03-17 06:06:23+00:00,22,C,00158D000192D255
2020-03-17 06:21:23+00:00,22,C,00158D000192D255
2020-03-17 06:36:23+00:00,22,C,00158D000192D255
2020-03-17 06:51:23+00:00,22,C,00158D000192D255
2020-03-17 07:02:52+00:00,19,C,00158D000192D255
2020-03-17 07:06:23+00:00,19,C,00158D000192D255
2020-03-17 07:21:23+00:00,19,C,00158D000192D255
2020-03-17 07:36:23+00:00,19,C,00158D000192D255
2020-03-17 07:51:23+00:00,19,C,00158D000192D255
2020-03-17 08:06:23+00:00,19,C,00158D000192D255
2020-03-17 08:21:23+00:00,19,C,00158D000192D255
2020-03-17 08:36:23+00:00,19,C,00158D000192D255
2020-03-17 08:51:23+00:00,19,C,00158D000192D255
2020-03-17 09:06:23+00:00,19,C,00158D000192D255
2020-03-17 09:21:23+00:00,19,C,00158D000192D255
2020-03-17 09:36:23+00:00,19,C,00158D000192D255
2020-03-17 09:51:23+00:00,19,C,00158D000192D255
2020-03-17 10:06:23+00:00,19,C,00158D000192D255
2020-03-17 10:21:23+00:00,19,C,00158D000192D255
2020-03-17 10:36:23+00:00,19,C,00158D000192D255
2020-03-17 10:51:23+00:00,19,C,00158D000192D255
2020-03-17 11:06:23+00:00,19,C,00158D000192D255
2020-03-17 11:21:23+00:00,19,C,00158D000192D255
2020-03-17 11:36:23+00:00,19,C,00158D000192D255
2020-03-17 11:51:23+00:00,19,C,00158D000192D255
2020-03-17 12:06:23+00:00,19,C,00158D000192D255
2020-03-17 12:21:23+00:00,19,C,00158D000192D255
2020-03-17 12:36:23+00:00,19,C,00158D000192D255
2020-03-17 12:51:23+00:00,19,C,00158D000192D255
2020-03-17 13:06:23+00:00,19,C,00158D000192D255
2020-03-17 13:21:23+00:00,19,C,00158D000192D255
2020-03-17 13:36:23+00:00,19,C,00158D000192D255
2020-03-17 13:51:23+00:00,19,C,00158D000192D255
2020-03-17 14:06:23+00:00,19,C,00158D000192D255
2020-03-17 14:21:23+00:00,19,C,00158D000192D255
2020-03-17 14:36:23+00:00,19,C,00158D000192D255
2020-03-17 14:51:23+00:00,19,C,00158D000192D255
2020-03-17 15:06:23+00:00,19,C,00158D000192D255
2020-03-17 15:21:23+00:00,19,C,00158D000192D255
2020-03-17 15:36:23+00:00,19,C,00158D000192D255
2020-03-17 15:51:23+00:00,19,C,00158D000192D255
2020-03-17 16:06:44+00:00,19,C,00158D000192D255
2020-03-17 16:07:03+00:00,19,C,00158D000192D255
2020-03-17 16:22:03+00:00,19,C,00158D000192D255
2020-03-17 16:37:03+00:00,19,C,00158D000192D255
2020-03-17 16:52:03+00:00,19,C,00158D000192D255
2020-03-17 17:07:03+00:00,19,C,00158D000192D255
2020-03-17 17:22:03+00:00,19,C,00158D000192D255
2020-03-17 17:37:03+00:00,19,C,00158D000192D255
2020-03-17 17:52:03+00:00,19,C,00158D000192D255
2020-03-17 18:07:03+00:00,19,C,00158D000192D255
2020-03-17 18:22:03+00:00,19,C,00158D000192D255
2020-03-17 18:37:03+00:00,19,C,00158D000192D255
2020-03-17 18:52:03+00:00,19,C,00158D000192D255
2020-03-17 19:07:03+00:00,19,C,00158D000192D255
2020-03-17 19:22:03+00:00,19,C,00158D000192D255
2020-03-17 19:37:03+00:00,19,C,00158D000192D255
2020-03-17 19:52:03+00:00,19,C,00158D000192D255
2020-03-17 20:07:03+00:00,19,C,00158D000192D255
2020-03-17 20:22:03+00:00,19,C,00158D000192D255
2020-03-17 20:37:03+00:00,19,C,00158D000192D255
2020-03-17 20:52:03+00:00,19,C,00158D000192D255
2020-03-17 21:07:03+00:00,19,C,00158D000192D255
2020-03-17 21:22:03+00:00,19,C,00158D000192D255
2020-03-17 21:37:03+00:00,19,C,00158D000192D255
2020-03-17 21:52:03+00:00,19,C,00158D000192D255
2020-03-17 22:07:03+00:00,19,C,00158D000192D255
2020-03-17 22:22:03+00:00,19,C,00158D000192D255
2020-03-17 22:37:03+00:00,19,C,00158D000192D255
2020-03-17 22:52:03+00:00,19,C,00158D000192D255
2020-03-17 23:07:03+00:00,19,C,00158D000192D255
2020-03-17 23:22:03+00:00,19,C,00158D000192D255
2020-03-17 23:37:03+00:00,19,C,00158D000192D255
2020-03-17 23:52:03+00:00,19,C,00158D000192D255
2020-03-18 00:07:03+00:00,19,C,00158D000192D255
2020-03-18 00:22:03+00:00,19,C,00158D000192D255
2020-03-18 00:37:03+00:00,19,C,00158D000192D255
2020-03-18 00:52:03+00:00,19,C,00158D000192D255
2020-03-18 01:07:03+00:00,19,C,00158D000192D255
2020-03-18 01:22:03+00:00,19,C,00158D000192D255
2020-03-18 01:37:03+00:00,19,C,00158D000192D255
2020-03-18 01:52:03+00:00,19,C,00158D000192D255
2020-03-18 02:07:03+00:00,19,C,00158D000192D255
2020-03-18 02:22:03+00:00,19,C,00158D000192D255
2020-03-18 02:37:03+00:00,19,C,00158D000192D255
2020-03-18 02:52:03+00:00,19,C,00158D000192D255
2020-03-18 03:07:03+00:00,19,C,00158D000192D255
2020-03-18 03:22:03+00:00,19,C,00158D000192D255
2020-03-18 03:37:03+00:00,19,C,00158D000192D255
2020-03-18 03:52:03+00:00,19,C,00158D000192D255
2020-03-18 04:07:03+00:00,19,C,00158D000192D255
2020-03-18 04:22:03+00:00,19,C,00158D000192D255
2020-03-18 04:37:03+00:00,19,C,00158D000192D255
2020-03-18 04:52:03+00:00,19,C,00158D000192D255
2020-03-18 05:07:03+00:00,19,C,00158D000192D255
2020-03-18 05:22:03+00:00,19,C,00158D000192D255
2020-03-18 05:37:03+00:00,19,C,00158D000192D255
2020-03-18 05:52:03+00:00,19,C,00158D000192D255
2020-03-18 06:00:08+00:00,22,C,00158D000192D255
2020-03-18 06:07:03+00:00,22,C,00158D000192D255
2020-03-18 06:22:03+00:00,22,C,00158D000192D255
2020-03-18 06:37:03+00:00,22,C,00158D000192D255
2020-03-18 06:52:03+00:00,22,C,00158D000192D255
2020-03-18 07:07:03+00:00,22,C,00158D000192D255
2020-03-18 07:22:03+00:00,22,C,00158D000192D255
2020-03-18 07:37:03+00:00,22,C,00158D000192D255
2020-03-18 07:52:03+00:00,22,C,00158D000192D255
2020-03-18 08:07:03+00:00,22,C,00158D000192D255
2020-03-18 08:22:03+00:00,22,C,00158D000192D255
2020-03-18 08:37:03+00:00,22,C,00158D000192D255
2020-03-18 08:52:03+00:00,22,C,00158D000192D255
2020-03-18 09:07:03+00:00,22,C,00158D000192D255
2020-03-18 09:22:03+00:00,22,C,00158D000192D255
2020-03-18 09:37:03+00:00,22,C,00158D000192D255
2020-03-18 09:52:03+00:00,22,C,00158D000192D255
2020-03-18 10:07:03+00:00,22,C,00158D000192D255
2020-03-18 10:22:03+00:00,22,C,00158D000192D255
2020-03-18 10:37:03+00:00,22,C,00158D000192D255
2020-03-18 10:52:03+00:00,22,C,00158D000192D255
2020-03-18 11:07:03+00:00,22,C,00158D000192D255
2020-03-18 11:22:03+00:00,22,C,00158D000192D255
2020-03-18 11:37:03+00:00,22,C,00158D000192D255
2020-03-18 11:52:03+00:00,22,C,00158D000192D255
2020-03-18 12:07:03+00:00,22,C,00158D000192D255
2020-03-18 12:22:03+00:00,22,C,00158D000192D255
2020-03-18 12:37:03+00:00,22,C,00158D000192D255
2020-03-18 12:52:03+00:00,22,C,00158D000192D255
2020-03-18 13:07:03+00:00,22,C,00158D000192D255
2020-03-18 13:22:03+00:00,22,C,00158D000192D255
2020-03-18 13:37:03+00:00,22,C,00158D000192D255
2020-03-18 13:52:03+00:00,22,C,00158D000192D255
2020-03-18 14:07:03+00:00,22,C,00158D000192D255
2020-03-18 14:22:03+00:00,22,C,00158D000192D255
2020-03-18 14:37:03+00:00,22,C,00158D000192D255
2020-03-18 14:52:03+00:00,22,C,00158D000192D255
2020-03-18 15:07:03+00:00,22,C,00158D000192D255
2020-03-18 15:22:03+00:00,22,C,00158D000192D255
2020-03-18 15:37:03+00:00,22,C,00158D000192D255
2020-03-18 15:52:03+00:00,22,C,00158D000192D255
2020-03-18 16:00:10+00:00,19,C,00158D000192D255
2020-03-18 16:07:03+00:00,19,C,00158D000192D255
2020-03-18 16:22:03+00:00,19,C,00158D000192D255
2020-03-18 16:37:03+00:00,19,C,00158D000192D255
2020-03-18 16:52:03+00:00,19,C,00158D000192D255
2020-03-18 17:07:03+00:00,19,C,00158D000192D255
2020-03-18 17:22:03+00:00,19,C,00158D000192D255
2020-03-18 17:37:03+00:00,19,C,00158D000192D255
2020-03-18 17:52:03+00:00,19,C,00158D000192D255
2020-03-18 18:07:03+00:00,19,C,00158D000192D255
2020-03-18 18:22:03+00:00,19,C,00158D000192D255
2020-03-18 18:37:03+00:00,19,C,00158D000192D255
2020-03-18 18:52:03+00:00,19,C,00158D000192D255
2020-03-18 19:07:03+00:00,19,C,00158D000192D255
2020-03-18 19:22:03+00:00,19,C,00158D000192D255
2020-03-18 19:37:03+00:00,19,C,00158D000192D255
2020-03-18 19:52:03+00:00,19,C,00158D000192D255
2020-03-18 20:07:03+00:00,19,C,00158D000192D255
2020-03-18 20:22:03+00:00,19,C,00158D000192D255
2020-03-18 20:37:03+00:00,19,C,00158D000192D255
2020-03-18 20:52:03+00:00,19,C,00158D000192D255
2020-03-18 21:07:03+00:00,19,C,00158D000192D255
2020-03-18 21:22:03+00:00,19,C,00158D000192D255
2020-03-18 21:37:03+00:00,19,C,00158D000192D255
2020-03-18 21:52:03+00:00,19,C,00158D000192D255
2020-03-18 22:07:03+00:00,19,C,00158D000192D255
2020-03-18 22:22:03+00:00,19,C,00158D000192D255
2020-03-18 22:37:03+00:00,19,C,00158D000192D255
2020-03-18 22:52:03+00:00,19,C,00158D000192D255
2020-03-18 23:07:03+00:00,19,C,00158D000192D255
2020-03-18 23:22:03+00:00,19,C,00158D000192D255
2020-03-18 23:37:03+00:00,19,C,00158D000192D255
2020-03-18 23:52:03+00:00,19,C,00158D000192D255
2020-03-19 00:07:03+00:00,19,C,00158D000192D255
2020-03-19 00:22:03+00:00,19,C,00158D000192D255
2020-03-19 00:37:03+00:00,19,C,00158D000192D255
2020-03-19 00:52:03+00:00,19,C,00158D000192D255
2020-03-19 01:07:03+00:00,19,C,00158D000192D255
2020-03-19 01:22:03+00:00,19,C,00158D000192D255
2020-03-19 01:37:03+00:00,19,C,00158D000192D255
2020-03-19 01:52:03+00:00,19,C,00158D000192D255
2020-03-19 02:07:03+00:00,19,C,00158D000192D255
2020-03-19 02:22:03+00:00,19,C,00158D000192D255
2020-03-19 02:37:03+00:00,19,C,00158D000192D255
2020-03-19 02:52:03+00:00,19,C,00158D000192D255
2020-03-19 03:07:03+00:00,19,C,00158D000192D255
2020-03-19 03:22:03+00:00,19,C,00158D000192D255
2020-03-19 03:37:03+00:00,19,C,00158D000192D255
2020-03-19 03:52:03+00:00,19,C,00158D000192D255
2020-03-19 04:07:03+00:00,19,C,00158D000192D255
2020-03-19 04:22:03+00:00,19,C,00158D000192D255
2020-03-19 04:37:03+00:00,19,C,00158D000192D255
2020-03-19 04:52:03+00:00,19,C,00158D000192D255
2020-03-19 05:07:03+00:00,19,C,00158D000192D255
2020-03-19 05:22:03+00:00,19,C,00158D000192D255
2020-03-19 05:37:03+00:00,19,C,00158D000192D255
2020-03-19 05:52:03+00:00,19,C,00158D000192D255
2020-03-19 06:00:14+00:00,22,C,00158D000192D255
2020-03-19 06:07:03+00:00,22,C,00158D000192D255
2020-03-19 06:22:03+00:00,22,C,00158D000192D255
2020-03-19 06:37:03+00:00,22,C,00158D000192D255
2020-03-19 06:52:03+00:00,22,C,00158D000192D255
2020-03-19 07:07:03+00:00,22,C,00158D000192D255
2020-03-19 07:22:03+00:00,22,C,00158D000192D255
2020-03-19 07:37:03+00:00,22,C,00158D000192D255
2020-03-19 07:52:04+00:00,22,C,00158D000192D255
2020-03-19 08:07:04+00:00,22,C,00158D000192D255
2020-03-19 08:22:04+00:00,22,C,00158D000192D255
2020-03-19 08:37:04+00:00,22,C,00158D000192D255
2020-03-19 08:52:04+00:00,22,C,00158D000192D255
2020-03-19 09:07:04+00:00,22,C,00158D000192D255
2020-03-19 09:22:04+00:00,22,C,00158D000192D255
2020-03-19 09:37:04+00:00,22,C,00158D000192D255
2020-03-19 09:52:04+00:00,22,C,00158D000192D255
2020-03-19 10:07:04+00:00,22,C,00158D000192D255
2020-03-19 10:22:04+00:00,22,C,00158D000192D255
2020-03-19 10:37:04+00:00,22,C,00158D000192D255
2020-03-19 10:52:04+00:00,22,C,00158D000192D255
2020-03-19 11:07:04+00:00,22,C,00158D000192D255
2020-03-19 11:22:04+00:00,22,C,00158D000192D255
2020-03-19 11:37:04+00:00,22,C,00158D000192D255
2020-03-19 11:52:04+00:00,22,C,00158D000192D255
2020-03-19 12:07:04+00:00,22,C,00158D000192D255
2020-03-19 12:22:04+00:00,22,C,00158D000192D255
2020-03-19 12:37:04+00:00,22,C,00158D000192D255
2020-03-19 12:52:04+00:00,22,C,00158D000192D255
2020-03-19 13:07:04+00:00,22,C,00158D000192D255
2020-03-19 13:22:04+00:00,22,C,00158D000192D255
2020-03-19 13:37:04+00:00,22,C,00158D000192D255
2020-03-19 13:52:04+00:00,22,C,00158D000192D255
2020-03-19 14:07:04+00:00,22,C,00158D000192D255
2020-03-19 14:22:04+00:00,22,C,00158D000192D255
2020-03-19 14:37:04+00:00,22,C,00158D000192D255
2020-03-19 14:52:04+00:00,22,C,00158D000192D255
2020-03-19 15:07:04+00:00,22,C,00158D000192D255
2020-03-19 15:22:04+00:00,22,C,00158D000192D255
2020-03-19 15:37:04+00:00,22,C,00158D000192D255
2020-03-19 15:52:04+00:00,22,C,00158D000192D255
2020-03-19 16:00:26+00:00,19,C,00158D000192D255
2020-03-19 16:20:56+00:00,19,C,00158D000192D255
2020-03-19 16:20:57+00:00,19,C,00158D000192D255
2020-03-19 16:41:05+00:00,19,C,00158D000192D255
2020-03-19 16:41:06+00:00,19,C,00158D000192D255
2020-03-19 16:56:06+00:00,19,C,00158D000192D255
2020-03-19 17:11:06+00:00,19,C,00158D000192D255
2020-03-19 17:26:06+00:00,19,C,00158D000192D255
2020-03-19 17:41:06+00:00,19,C,00158D000192D255
2020-03-19 17:56:06+00:00,19,C,00158D000192D255
2020-03-19 18:11:06+00:00,19,C,00158D000192D255
2020-03-19 18:26:06+00:00,19,C,00158D000192D255
2020-03-19 18:41:06+00:00,19,C,00158D000192D255
2020-03-19 18:56:06+00:00,19,C,00158D000192D255
2020-03-19 19:11:06+00:00,19,C,00158D000192D255
2020-03-19 19:26:06+00:00,19,C,00158D000192D255
2020-03-19 19:41:06+00:00,19,C,00158D000192D255
2020-03-19 19:56:06+00:00,19,C,00158D000192D255
2020-03-19 20:11:06+00:00,19,C,00158D000192D255
2020-03-19 20:26:06+00:00,19,C,00158D000192D255
2020-03-19 20:41:06+00:00,19,C,00158D000192D255
2020-03-19 20:56:06+00:00,19,C,00158D000192D255
2020-03-19 21:11:06+00:00,19,C,00158D000192D255
2020-03-19 21:26:06+00:00,19,C,00158D000192D255
2020-03-19 21:41:06+00:00,19,C,00158D000192D255
2020-03-19 21:56:06+00:00,19,C,00158D000192D255
2020-03-19 22:11:06+00:00,19,C,00158D000192D255
2020-03-19 22:26:06+00:00,19,C,00158D000192D255
2020-03-19 22:41:06+00:00,19,C,00158D000192D255
2020-03-19 22:56:06+00:00,19,C,00158D000192D255
2020-03-19 23:11:06+00:00,19,C,00158D000192D255
2020-03-19 23:26:06+00:00,19,C,00158D000192D255
2020-03-19 23:41:06+00:00,19,C,00158D000192D255
2020-03-19 23:56:06+00:00,19,C,00158D000192D255
